nom,prix,image_url,product_url,date_scraping,categorie
Eau minérale,0.300,https://cdn.geantdrive.tn/tunis-city/1306843-home_default/eau-minerale.jpg,https://www.geantdrive.tn/tunis-city/eaux-plates/121850-eau-minerale.html,2026-02-03 08:14:13,boissons
Boisson instantannée,0.320,https://cdn.geantdrive.tn/tunis-city/1304647-home_default/boisson-instantannee.jpg,https://www.geantdrive.tn/tunis-city/boissons-instantanees/120700-boisson-instantannee.html,2026-02-03 08:14:13,boissons
Boisson instantannée,0.320,https://cdn.geantdrive.tn/tunis-city/1304649-home_default/boisson-instantannee.jpg,https://www.geantdrive.tn/tunis-city/boissons-instantanees/120702-boisson-instantannee.html,2026-02-03 08:14:14,boissons
Boisson instantannée,0.320,https://cdn.geantdrive.tn/tunis-city/1304648-home_default/boisson-instantannee.jpg,https://www.geantdrive.tn/tunis-city/boissons-instantanees/120701-boisson-instantannee.html,2026-02-03 08:14:14,boissons
Boisson instantannée,0.320,https://cdn.geantdrive.tn/tunis-city/1304646-home_default/boisson-instantannee.jpg,https://www.geantdrive.tn/tunis-city/boissons-instantanees/120699-boisson-instantannee.html,2026-02-03 08:14:14,boissons
Boisson instantannée,0.320,https://cdn.geantdrive.tn/tunis-city/1327751-home_default/boisson-instantannee.jpg,https://www.geantdrive.tn/tunis-city/boissons-instantanees/133487-boisson-instantannee.html,2026-02-03 08:14:14,boissons
Eau minérale,0.400,https://cdn.geantdrive.tn/tunis-city/1267797-home_default/eau-minerale.jpg,https://www.geantdrive.tn/tunis-city/eaux-plates/24483-eau-minerale.html,2026-02-03 08:14:14,boissons
Eau plate,0.400,https://cdn.geantdrive.tn/tunis-city/1144012-home_default/eau-plate.jpg,https://www.geantdrive.tn/tunis-city/eaux-plates/24405-eau-plate.html,2026-02-03 08:14:14,boissons
Eau minérale,0.410,https://cdn.geantdrive.tn/tunis-city/1310504-home_default/eau-minerale.jpg,https://www.geantdrive.tn/tunis-city/eaux-plates/24484-eau-minerale.html,2026-02-03 08:14:14,boissons
Eau minérale,0.410,https://cdn.geantdrive.tn/tunis-city/1226800-home_default/eau-minerale.jpg,https://www.geantdrive.tn/tunis-city/eaux-plates/24479-eau-minerale.html,2026-02-03 08:14:14,boissons
Eau minérale,0.420,https://cdn.geantdrive.tn/tunis-city/1184289-home_default/eau-minerale.jpg,https://www.geantdrive.tn/tunis-city/eaux-plates/24482-eau-minerale.html,2026-02-03 08:14:14,boissons
Eau minérale,0.420,https://cdn.geantdrive.tn/tunis-city/1253849-home_default/eau-minerale.jpg,https://www.geantdrive.tn/tunis-city/eaux-plates/59780-eau-minerale.html,2026-02-03 08:14:14,boissons
Eau minérale,0.420,https://cdn.geantdrive.tn/tunis-city/1327426-home_default/eau-minerale.jpg,https://www.geantdrive.tn/tunis-city/eaux-plates/133310-eau-minerale.html,2026-02-03 08:14:15,boissons
Eau minérale,0.420,https://cdn.geantdrive.tn/tunis-city/1143321-home_default/eau-minerale.jpg,https://www.geantdrive.tn/tunis-city/eaux-plates/24392-eau-minerale.html,2026-02-03 08:14:15,boissons
Eau minérale,0.420,https://cdn.geantdrive.tn/tunis-city/1226822-home_default/eau-minerale.jpg,https://www.geantdrive.tn/tunis-city/eaux-plates/24485-eau-minerale.html,2026-02-03 08:14:15,boissons
Eau minérale,0.430,https://cdn.geantdrive.tn/tunis-city/1351186-home_default/eau-minerale.jpg,https://www.geantdrive.tn/tunis-city/eaux-plates/146389-eau-minerale.html,2026-02-03 08:14:15,boissons
Eau de source,0.450,https://cdn.geantdrive.tn/tunis-city/1327370-home_default/eau-de-source.jpg,https://www.geantdrive.tn/tunis-city/eaux-plates/133270-eau-de-source.html,2026-02-03 08:14:15,boissons
Eau minérale,0.450,https://cdn.geantdrive.tn/tunis-city/1339977-home_default/eau-minerale.jpg,https://www.geantdrive.tn/tunis-city/eaux-plates/135904-eau-minerale.html,2026-02-03 08:14:15,boissons
Eau gazéifiée,0.450,https://cdn.geantdrive.tn/tunis-city/1219791-home_default/eau-gazeifiee.jpg,https://www.geantdrive.tn/tunis-city/eaux-gazeifiees/24511-eau-gazeifiee.html,2026-02-03 08:14:15,boissons
Eau minérale,0.460,https://cdn.geantdrive.tn/tunis-city/1234918-home_default/eau-minerale.jpg,https://www.geantdrive.tn/tunis-city/eaux-plates/24397-eau-minerale.html,2026-02-03 08:14:15,boissons
Eau gazéifiée,0.480,https://cdn.geantdrive.tn/tunis-city/1219796-home_default/eau-gazeifiee.jpg,https://www.geantdrive.tn/tunis-city/eaux-gazeifiees/24510-eau-gazeifiee.html,2026-02-03 08:14:15,boissons
Eau minérale,0.500,https://cdn.geantdrive.tn/tunis-city/1180863-home_default/eau-minerale.jpg,https://www.geantdrive.tn/tunis-city/eaux-plates/98312-eau-minerale.html,2026-02-03 08:14:15,boissons
Eau minérale,0.510,https://cdn.geantdrive.tn/tunis-city/1325815-home_default/eau-de-source.jpg,https://www.geantdrive.tn/tunis-city/eaux-plates/46205-eau-de-source.html,2026-02-03 08:14:16,boissons
Eau minérale,0.560,https://cdn.geantdrive.tn/tunis-city/1190212-home_default/eau-minerale.jpg,https://www.geantdrive.tn/tunis-city/eaux-plates/30886-eau-minerale.html,2026-02-03 08:14:16,boissons
Boisson au jus,0.570,https://cdn.geantdrive.tn/tunis-city/1270717-home_default/boisson-au-jus.jpg,https://www.geantdrive.tn/tunis-city/pur-jus-de-fruits/31276-boisson-au-jus.html,2026-02-03 08:14:16,boissons
Eau de source,0.610,https://cdn.geantdrive.tn/tunis-city/1186685-home_default/eau-de-source.jpg,https://www.geantdrive.tn/tunis-city/eaux-plates/24478-eau-de-source.html,2026-02-03 08:14:16,boissons
Eau gazéifiée,0.620,https://cdn.geantdrive.tn/tunis-city/1267719-home_default/eau-gazeifiee.jpg,https://www.geantdrive.tn/tunis-city/eaux-gazeifiees/24513-eau-gazeifiee.html,2026-02-03 08:14:16,boissons
Boisson au jus,0.620,https://cdn.geantdrive.tn/tunis-city/1342482-home_default/boisson-au-jus.jpg,https://www.geantdrive.tn/tunis-city/pur-jus-de-fruits/141611-boisson-au-jus.html,2026-02-03 08:14:16,boissons
Eau minérale,0.630,https://cdn.geantdrive.tn/tunis-city/1153933-home_default/eau-minerale.jpg,https://www.geantdrive.tn/tunis-city/eaux-plates/40223-eau-minerale.html,2026-02-03 08:14:16,boissons
Eau minérale,0.640,https://cdn.geantdrive.tn/tunis-city/1184578-home_default/eau-minerale.jpg,https://www.geantdrive.tn/tunis-city/eaux-plates/24459-eau-minerale.html,2026-02-03 08:14:16,boissons
Eau minérale,0.640,https://cdn.geantdrive.tn/tunis-city/1223189-home_default/eau-minerale.jpg,https://www.geantdrive.tn/tunis-city/eaux-plates/24494-eau-minerale.html,2026-02-03 08:14:16,boissons
Eau minérale,0.650,https://cdn.geantdrive.tn/tunis-city/1221446-home_default/eau-minerale.jpg,https://www.geantdrive.tn/tunis-city/eaux-plates/24486-eau-minerale.html,2026-02-03 08:14:16,boissons
Eau de source,0.650,https://cdn.geantdrive.tn/tunis-city/1351166-home_default/eau-de-source.jpg,https://www.geantdrive.tn/tunis-city/eaux-plates/146373-eau-de-source.html,2026-02-03 08:14:16,boissons
Eau minérale,0.650,https://cdn.geantdrive.tn/tunis-city/1255523-home_default/eau-minerale.jpg,https://www.geantdrive.tn/tunis-city/eaux-plates/37335-eau-minerale.html,2026-02-03 08:14:16,boissons
Eau de source,0.660,https://cdn.geantdrive.tn/tunis-city/1161346-home_default/eau-de-source.jpg,https://www.geantdrive.tn/tunis-city/eaux-plates/59362-eau-de-source.html,2026-02-03 08:14:16,boissons
Eau minérale,0.660,https://cdn.geantdrive.tn/tunis-city/1338997-home_default/eau-minerale.jpg,https://www.geantdrive.tn/tunis-city/eaux-plates/140117-eau-minerale.html,2026-02-03 08:14:16,boissons
Eau gazéifiée,0.670,https://cdn.geantdrive.tn/tunis-city/1226504-home_default/eau-gazeifiee.jpg,https://www.geantdrive.tn/tunis-city/eaux-gazeifiees/24512-eau-gazeifiee.html,2026-02-03 08:14:16,boissons
Eau de source,0.670,https://cdn.geantdrive.tn/tunis-city/1327369-home_default/eau-de-source.jpg,https://www.geantdrive.tn/tunis-city/eaux-plates/133269-eau-de-source.html,2026-02-03 08:14:16,boissons
Eau minérale,0.690,https://cdn.geantdrive.tn/tunis-city/1142617-home_default/eau-minerale.jpg,https://www.geantdrive.tn/tunis-city/eaux-plates/24396-eau-minerale.html,2026-02-03 08:14:16,boissons
Eau minérale,0.690,https://cdn.geantdrive.tn/tunis-city/1325814-home_default/eau-de-source.jpg,https://www.geantdrive.tn/tunis-city/eaux-plates/46204-eau-de-source.html,2026-02-03 08:14:16,boissons
Eau minérale,0.690,https://cdn.geantdrive.tn/tunis-city/1339978-home_default/eau-minerale.jpg,https://www.geantdrive.tn/tunis-city/eaux-plates/131568-eau-minerale.html,2026-02-03 08:14:16,boissons
Eau minérale,0.700,https://cdn.geantdrive.tn/tunis-city/1226500-home_default/eau-minerale.jpg,https://www.geantdrive.tn/tunis-city/eaux-plates/24491-eau-minerale.html,2026-02-03 08:14:17,boissons
Eau minérale,0.720,https://cdn.geantdrive.tn/tunis-city/1310505-home_default/eau-minerale.jpg,https://www.geantdrive.tn/tunis-city/eaux-plates/24489-eau-minerale.html,2026-02-03 08:14:17,boissons
Eau minérale,0.720,https://cdn.geantdrive.tn/tunis-city/1338998-home_default/eau-minerale.jpg,https://www.geantdrive.tn/tunis-city/eaux-plates/140118-eau-minerale.html,2026-02-03 08:14:17,boissons
Eau minérale,0.720,https://cdn.geantdrive.tn/tunis-city/1352935-home_default/eau-minerale.jpg,https://www.geantdrive.tn/tunis-city/eaux-plates/146909-eau-minerale.html,2026-02-03 08:14:17,boissons
Eau minérale,0.750,https://cdn.geantdrive.tn/tunis-city/1180866-home_default/eau-minerale.jpg,https://www.geantdrive.tn/tunis-city/eaux-plates/95200-eau-minerale.html,2026-02-03 08:14:17,boissons
Boisson au jus,0.750,https://cdn.geantdrive.tn/tunis-city/1328621-home_default/boisson-au-jus.jpg,https://www.geantdrive.tn/tunis-city/pur-jus-de-fruits/104711-boisson-au-jus.html,2026-02-03 08:14:17,boissons
Boisson au jus,0.750,https://cdn.geantdrive.tn/tunis-city/1328620-home_default/boisson-au-jus.jpg,https://www.geantdrive.tn/tunis-city/pur-jus-de-fruits/104710-boisson-au-jus.html,2026-02-03 08:14:17,boissons
Pâtes chorba,0.225,https://cdn.geantdrive.tn/tunis-city/1267774-home_default/pates-chorba.jpg,https://www.geantdrive.tn/tunis-city/pates-et-chorba/33043-pates-chorba.html,2026-02-03 08:14:38,epicerie
Pâte chorba Millet,0.225,https://cdn.geantdrive.tn/tunis-city/1267773-home_default/pate-chorba-millet.jpg,https://www.geantdrive.tn/tunis-city/pates-et-chorba/25587-pate-chorba-millet.html,2026-02-03 08:14:39,epicerie
Pâte millet,0.225,https://cdn.geantdrive.tn/tunis-city/1219668-home_default/pate-millet.jpg,https://www.geantdrive.tn/tunis-city/pates-et-chorba/25597-pate-millet.html,2026-02-03 08:14:39,epicerie
Gâteau,0.270,https://cdn.geantdrive.tn/tunis-city/1255444-home_default/gateau.jpg,https://www.geantdrive.tn/tunis-city/madeleines-et-cakes/88377-gateau.html,2026-02-03 08:14:39,epicerie
Gâteau,0.270,https://cdn.geantdrive.tn/tunis-city/1255446-home_default/gateau.jpg,https://www.geantdrive.tn/tunis-city/madeleines-et-cakes/88378-gateau.html,2026-02-03 08:14:39,epicerie
Chocolat,0.290,https://cdn.geantdrive.tn/tunis-city/1223067-home_default/chocolat.jpg,https://www.geantdrive.tn/tunis-city/tablettes-et-barres-de-chocolat/28138-chocolat.html,2026-02-03 08:14:39,epicerie
Gaufrettes,0.300,https://cdn.geantdrive.tn/tunis-city/1158564-home_default/gaufrettes.jpg,https://www.geantdrive.tn/tunis-city/gaufrettes/57100-gaufrettes.html,2026-02-03 08:14:40,epicerie
Gaufrette,0.300,https://cdn.geantdrive.tn/tunis-city/1223053-home_default/gaufrette.jpg,https://www.geantdrive.tn/tunis-city/gaufrettes/29076-gaufrette.html,2026-02-03 08:14:40,epicerie
Bonbon gélifié,0.300,https://cdn.geantdrive.tn/tunis-city/1159790-home_default/bonbon-gelifie.jpg,https://www.geantdrive.tn/tunis-city/bonbons/98903-bonbon-gelifie.html,2026-02-03 08:14:40,epicerie
Gaufrette,0.300,https://cdn.geantdrive.tn/tunis-city/1223049-home_default/gaufrette.jpg,https://www.geantdrive.tn/tunis-city/gaufrettes/29074-gaufrette.html,2026-02-03 08:14:40,epicerie
Chocolat fourré,0.310,https://cdn.geantdrive.tn/tunis-city/1141774-home_default/chocolat-fourre.jpg,https://www.geantdrive.tn/tunis-city/tablettes-et-barres-de-chocolat/30525-chocolat-fourre.html,2026-02-03 08:14:40,epicerie
Chocolat fourré,0.310,https://cdn.geantdrive.tn/tunis-city/1223055-home_default/chocolat-fourre.jpg,https://www.geantdrive.tn/tunis-city/tablettes-et-barres-de-chocolat/28120-chocolat-fourre.html,2026-02-03 08:14:40,epicerie
Chocolat fourré,0.310,https://cdn.geantdrive.tn/tunis-city/1223059-home_default/chocolat-fourre.jpg,https://www.geantdrive.tn/tunis-city/tablettes-et-barres-de-chocolat/28113-chocolat-fourre.html,2026-02-03 08:14:40,epicerie
Chocolat fourré,0.310,https://cdn.geantdrive.tn/tunis-city/1223063-home_default/chocolat-fourre.jpg,https://www.geantdrive.tn/tunis-city/tablettes-et-barres-de-chocolat/28112-chocolat-fourre.html,2026-02-03 08:14:41,epicerie
Bonbon gélifié,0.340,https://cdn.geantdrive.tn/tunis-city/1153325-home_default/bonbon-gelifie.jpg,https://www.geantdrive.tn/tunis-city/bonbons/33893-bonbon-gelifie.html,2026-02-03 08:14:41,epicerie
Bonbon gélifié,0.340,https://cdn.geantdrive.tn/tunis-city/1153327-home_default/bonbon-gelifie.jpg,https://www.geantdrive.tn/tunis-city/bonbons/33894-bonbon-gelifie.html,2026-02-03 08:14:41,epicerie
Barre biscuitée,0.390,https://cdn.geantdrive.tn/tunis-city/1306697-home_default/barre-biscuitee.jpg,https://www.geantdrive.tn/tunis-city/barres-biscuitees/121705-barre-biscuitee.html,2026-02-03 08:14:41,epicerie
Bonbon gélifié,0.390,https://cdn.geantdrive.tn/tunis-city/1223031-home_default/bonbon-gelifie.jpg,https://www.geantdrive.tn/tunis-city/bonbons/29020-bonbon-gelifie.html,2026-02-03 08:14:41,epicerie
Poudre instantanée cho...,0.390,https://cdn.geantdrive.tn/tunis-city/1152904-home_default/poudre-instantanee-chocolat.jpg,https://www.geantdrive.tn/tunis-city/chocolat-en-poudre/30365-poudre-instantanee-chocolat.html,2026-02-03 08:14:41,epicerie
Bonbon gélifié,0.390,https://cdn.geantdrive.tn/tunis-city/1223037-home_default/bonbon-gelifie.jpg,https://www.geantdrive.tn/tunis-city/bonbons/29019-bonbon-gelifie.html,2026-02-03 08:14:42,epicerie
Bonbon,0.400,https://cdn.geantdrive.tn/tunis-city/1310516-home_default/bonbon.jpg,https://www.geantdrive.tn/tunis-city/bonbons/123871-bonbon.html,2026-02-03 08:14:42,epicerie
Couscous moyen,0.400,https://cdn.geantdrive.tn/tunis-city/1257006-home_default/couscous-moyen.jpg,https://www.geantdrive.tn/tunis-city/couscous/80038-couscous-moyen.html,2026-02-03 08:14:42,epicerie
Pâte escargots,0.410,https://cdn.geantdrive.tn/tunis-city/1219814-home_default/pate-escargots.jpg,https://www.geantdrive.tn/tunis-city/pates-et-chorba/25539-pate-escargots.html,2026-02-03 08:14:42,epicerie
Pâte fell,0.410,https://cdn.geantdrive.tn/tunis-city/1224753-home_default/pate-fell.jpg,https://www.geantdrive.tn/tunis-city/pates-et-chorba/25556-pate-fell.html,2026-02-03 08:14:42,epicerie
Pâte coude,0.410,https://cdn.geantdrive.tn/tunis-city/1225028-home_default/pate-coude.jpg,https://www.geantdrive.tn/tunis-city/pates-et-chorba/25569-pate-coude.html,2026-02-03 08:14:42,epicerie
Pâte fell rigati,0.410,https://cdn.geantdrive.tn/tunis-city/1219843-home_default/pate-fell-rigati.jpg,https://www.geantdrive.tn/tunis-city/pates-et-chorba/25553-pate-fell-rigati.html,2026-02-03 08:14:42,epicerie
Pâte twist,0.410,https://cdn.geantdrive.tn/tunis-city/1220855-home_default/pate-twist.jpg,https://www.geantdrive.tn/tunis-city/pates-et-chorba/25552-pate-twist.html,2026-02-03 08:14:43,epicerie
Pâte ressort,0.410,https://cdn.geantdrive.tn/tunis-city/1219838-home_default/pate-ressort.jpg,https://www.geantdrive.tn/tunis-city/pates-et-chorba/25549-pate-ressort.html,2026-02-03 08:14:43,epicerie
Pâte flamengo,0.410,https://cdn.geantdrive.tn/tunis-city/1219840-home_default/pate-flamengo.jpg,https://www.geantdrive.tn/tunis-city/pates-et-chorba/25548-pate-flamengo.html,2026-02-03 08:14:43,epicerie
Pâtes coude,0.410,https://cdn.geantdrive.tn/tunis-city/1223082-home_default/pates-coude.jpg,https://www.geantdrive.tn/tunis-city/pates-et-chorba/33051-pates-coude.html,2026-02-03 08:14:43,epicerie
Pâte escargot,0.410,https://cdn.geantdrive.tn/tunis-city/1219898-home_default/pate-escargot.jpg,https://www.geantdrive.tn/tunis-city/pates-et-chorba/25544-pate-escargot.html,2026-02-03 08:14:44,epicerie
Pâte plomb fin,0.410,https://cdn.geantdrive.tn/tunis-city/1221109-home_default/pate-plomb-fin.jpg,https://www.geantdrive.tn/tunis-city/pates-et-chorba/25543-pate-plomb-fin.html,2026-02-03 08:14:45,epicerie
Pâte Mini Fusilli,0.410,https://cdn.geantdrive.tn/tunis-city/1205758-home_default/pate-mini-fusilli.jpg,https://www.geantdrive.tn/tunis-city/pates-et-chorba/25541-pate-mini-fusilli.html,2026-02-03 08:14:45,epicerie
Pâte Mini Penne,0.410,https://cdn.geantdrive.tn/tunis-city/1205761-home_default/pate-mini-penne.jpg,https://www.geantdrive.tn/tunis-city/pates-et-chorba/25540-pate-mini-penne.html,2026-02-03 08:14:45,epicerie
Pâte spaghetti,0.410,https://cdn.geantdrive.tn/tunis-city/1226683-home_default/pate-spaghetti.jpg,https://www.geantdrive.tn/tunis-city/pates-et-chorba/28806-pate-spaghetti.html,2026-02-03 08:14:45,epicerie
Pâte coupée ressort,0.410,https://cdn.geantdrive.tn/tunis-city/1225063-home_default/pate-coup-ressor.jpg,https://www.geantdrive.tn/tunis-city/pates-et-chorba/25554-pate-coup-ressor.html,2026-02-03 08:14:45,epicerie
Pâte cavatoni,0.410,https://cdn.geantdrive.tn/tunis-city/1219879-home_default/pate-cavatoni.jpg,https://www.geantdrive.tn/tunis-city/pates-et-chorba/25537-pate-cavatoni.html,2026-02-03 08:14:45,epicerie
Pâte coquillettes,0.410,https://cdn.geantdrive.tn/tunis-city/1219820-home_default/pate-coquillettes.jpg,https://www.geantdrive.tn/tunis-city/pates-et-chorba/25570-pate-coquillettes.html,2026-02-03 08:14:45,epicerie
Pâte fell,0.410,https://cdn.geantdrive.tn/tunis-city/1225010-home_default/pate-fell.jpg,https://www.geantdrive.tn/tunis-city/pates-et-chorba/25573-pate-fell.html,2026-02-03 08:14:45,epicerie
Pâte langue d'oiseau,0.410,https://cdn.geantdrive.tn/tunis-city/1310526-home_default/pate-langue-d-oiseau.jpg,https://www.geantdrive.tn/tunis-city/pates-et-chorba/123879-pate-langue-d-oiseau.html,2026-02-03 08:14:46,epicerie
Pâte nouille,0.410,https://cdn.geantdrive.tn/tunis-city/1301686-home_default/pate-nouille.jpg,https://www.geantdrive.tn/tunis-city/pates-et-chorba/119284-pate-nouille.html,2026-02-03 08:14:46,epicerie
Chorba millet,0.410,https://cdn.geantdrive.tn/tunis-city/1344789-home_default/chorba-millet.jpg,https://www.geantdrive.tn/tunis-city/pates-et-chorba/133494-chorba-millet.html,2026-02-03 08:14:46,epicerie
Chorba millet,0.410,https://cdn.geantdrive.tn/tunis-city/1327785-home_default/chorba-millet.jpg,https://www.geantdrive.tn/tunis-city/pates-et-chorba/133518-chorba-millet.html,2026-02-03 08:14:46,epicerie
Pâte spaghetti,0.410,https://cdn.geantdrive.tn/tunis-city/1221116-home_default/pate-spaghetti.jpg,https://www.geantdrive.tn/tunis-city/pates-et-chorba/28799-pate-spaghetti.html,2026-02-03 08:14:46,epicerie
Pâte spaghetti super,0.410,https://cdn.geantdrive.tn/tunis-city/1219848-home_default/pate-spaghetti-super.jpg,https://www.geantdrive.tn/tunis-city/pates-et-chorba/28802-pate-spaghetti-super.html,2026-02-03 08:14:46,epicerie
Pâte spaghetti super,0.410,https://cdn.geantdrive.tn/tunis-city/1219846-home_default/pate-spaghetti-super.jpg,https://www.geantdrive.tn/tunis-city/pates-et-chorba/28804-pate-spaghetti-super.html,2026-02-03 08:14:46,epicerie
Pâte coupée fell,0.410,https://cdn.geantdrive.tn/tunis-city/1267646-home_default/pate-coupee-fell.jpg,https://www.geantdrive.tn/tunis-city/pates-et-chorba/25558-pate-coupee-fell.html,2026-02-03 08:14:47,epicerie
Pâte spaghetti,0.410,https://cdn.geantdrive.tn/tunis-city/1226687-home_default/pate-spaghetti.jpg,https://www.geantdrive.tn/tunis-city/pates-et-chorba/28807-pate-spaghetti.html,2026-02-03 08:14:47,epicerie
Yaourt brassé,0.430,https://cdn.geantdrive.tn/tunis-city/1297746-home_default/yaourt-brasse.jpg,https://www.geantdrive.tn/tunis-city/yaourts-natures-et-aromatises/117184-yaourt-brasse.html,2026-02-03 08:15:12,cremerie_et_surgele
Yaourt brassé,0.430,https://cdn.geantdrive.tn/tunis-city/1282859-home_default/yaourt-brasse.jpg,https://www.geantdrive.tn/tunis-city/yaourts-natures-et-aromatises/24898-yaourt-brasse.html,2026-02-03 08:15:12,cremerie_et_surgele
Yaourt brassé,0.430,https://cdn.geantdrive.tn/tunis-city/1325762-home_default/yaourt-brasse.jpg,https://www.geantdrive.tn/tunis-city/yaourts-natures-et-aromatises/24902-yaourt-brasse.html,2026-02-03 08:15:13,cremerie_et_surgele
Spécialité laitière br...,0.430,https://cdn.geantdrive.tn/tunis-city/1156839-home_default/specialite-laitiere-brassee.jpg,https://www.geantdrive.tn/tunis-city/yaourts-natures-et-aromatises/38312-specialite-laitiere-brassee.html,2026-02-03 08:15:13,cremerie_et_surgele
Yaourt brassé,0.430,https://cdn.geantdrive.tn/tunis-city/1282869-home_default/yaourt-brasse.jpg,https://www.geantdrive.tn/tunis-city/yaourts-natures-et-aromatises/24892-yaourt-brasse.html,2026-02-03 08:15:13,cremerie_et_surgele
Yaourt brassé,0.430,https://cdn.geantdrive.tn/tunis-city/1198018-home_default/yaourt-brasse.jpg,https://www.geantdrive.tn/tunis-city/yaourts-natures-et-aromatises/24900-yaourt-brasse.html,2026-02-03 08:15:13,cremerie_et_surgele
Yaourt brassé,0.430,https://cdn.geantdrive.tn/tunis-city/1325375-home_default/yaourt-brasse.jpg,https://www.geantdrive.tn/tunis-city/yaourts-natures-et-aromatises/24895-yaourt-brasse.html,2026-02-03 08:15:13,cremerie_et_surgele
Yaourt brassé,0.430,https://cdn.geantdrive.tn/tunis-city/1298798-home_default/yaourt-brasse.jpg,https://www.geantdrive.tn/tunis-city/yaourts-natures-et-aromatises/117667-yaourt-brasse.html,2026-02-03 08:15:13,cremerie_et_surgele
Yaourt brassé,0.430,https://cdn.geantdrive.tn/tunis-city/1278119-home_default/yaourt-brasse.jpg,https://www.geantdrive.tn/tunis-city/yaourts-natures-et-aromatises/24891-yaourt-brasse.html,2026-02-03 08:15:13,cremerie_et_surgele
Yaourt brassé,0.430,https://cdn.geantdrive.tn/tunis-city/1237773-home_default/yaourt-brasse.jpg,https://www.geantdrive.tn/tunis-city/yaourts-natures-et-aromatises/24890-yaourt-brasse.html,2026-02-03 08:15:13,cremerie_et_surgele
Yaourt brassé,0.430,https://cdn.geantdrive.tn/tunis-city/1300189-home_default/yaourt-brasse.jpg,https://www.geantdrive.tn/tunis-city/yaourts-natures-et-aromatises/24894-yaourt-brasse.html,2026-02-03 08:15:13,cremerie_et_surgele
Yaourt aromatisé,0.540,https://cdn.geantdrive.tn/tunis-city/1197825-home_default/yaourt-aromatise.jpg,https://www.geantdrive.tn/tunis-city/yaourts-natures-et-aromatises/25834-yaourt-aromatise.html,2026-02-03 08:15:13,cremerie_et_surgele
Yaourt,0.540,https://cdn.geantdrive.tn/tunis-city/1300188-home_default/yaourt.jpg,https://www.geantdrive.tn/tunis-city/yaourts-natures-et-aromatises/25832-yaourt.html,2026-02-03 08:15:14,cremerie_et_surgele
Yaourt aromatisé,0.540,https://cdn.geantdrive.tn/tunis-city/1325367-home_default/yaourt-aromatise.jpg,https://www.geantdrive.tn/tunis-city/yaourts-natures-et-aromatises/24773-yaourt-aromatise.html,2026-02-03 08:15:14,cremerie_et_surgele
Yaourt aromatisé,0.540,https://cdn.geantdrive.tn/tunis-city/1325368-home_default/yaourt-aromatise.jpg,https://www.geantdrive.tn/tunis-city/yaourts-natures-et-aromatises/25835-yaourt-aromatise.html,2026-02-03 08:15:14,cremerie_et_surgele
Yaourt aromatisé,0.540,https://cdn.geantdrive.tn/tunis-city/982425-home_default/yaourt-aromatise.jpg,https://www.geantdrive.tn/tunis-city/yaourts-natures-et-aromatises/66290-yaourt-aromatise.html,2026-02-03 08:15:14,cremerie_et_surgele
Yaourt aromatisé,0.540,https://cdn.geantdrive.tn/tunis-city/1300197-home_default/yaourt-aromatise.jpg,https://www.geantdrive.tn/tunis-city/yaourts-natures-et-aromatises/56937-yaourt-aromatise.html,2026-02-03 08:15:14,cremerie_et_surgele
Yaourt aromatisé,0.540,https://cdn.geantdrive.tn/tunis-city/1197828-home_default/yaourt-aromatise.jpg,https://www.geantdrive.tn/tunis-city/yaourts-natures-et-aromatises/24792-yaourt-aromatise.html,2026-02-03 08:15:14,cremerie_et_surgele
Yaourt aromatisé,0.540,https://cdn.geantdrive.tn/tunis-city/1282852-home_default/yaourt-aromatise.jpg,https://www.geantdrive.tn/tunis-city/yaourts-natures-et-aromatises/25836-yaourt-aromatise.html,2026-02-03 08:15:14,cremerie_et_surgele
Yaourt aromatisé,0.540,https://cdn.geantdrive.tn/tunis-city/1325788-home_default/yaourt-aromatise.jpg,https://www.geantdrive.tn/tunis-city/yaourts-natures-et-aromatises/24787-yaourt-aromatise.html,2026-02-03 08:15:15,cremerie_et_surgele
Yaourt aromatisé,0.540,https://cdn.geantdrive.tn/tunis-city/1325372-home_default/yaourt-aromatise.jpg,https://www.geantdrive.tn/tunis-city/yaourts-natures-et-aromatises/24788-yaourt-aromatise.html,2026-02-03 08:15:15,cremerie_et_surgele
Yaourt aromatisé,0.540,https://cdn.geantdrive.tn/tunis-city/1282857-home_default/yaourt-aromatise.jpg,https://www.geantdrive.tn/tunis-city/yaourts-natures-et-aromatises/24783-yaourt-aromatise.html,2026-02-03 08:15:15,cremerie_et_surgele
Yaourt aromatisé,0.540,https://cdn.geantdrive.tn/tunis-city/1282856-home_default/yaourt-aromatise.jpg,https://www.geantdrive.tn/tunis-city/yaourts-natures-et-aromatises/24779-yaourt-aromatise.html,2026-02-03 08:15:15,cremerie_et_surgele
Yaourt aromatisé,0.540,https://cdn.geantdrive.tn/tunis-city/1325799-home_default/yaourt-aromatise.jpg,https://www.geantdrive.tn/tunis-city/yaourts-natures-et-aromatises/24778-yaourt-aromatise.html,2026-02-03 08:15:15,cremerie_et_surgele
Yaourt aromatisé,0.540,https://cdn.geantdrive.tn/tunis-city/1282858-home_default/yaourt-aromatise.jpg,https://www.geantdrive.tn/tunis-city/yaourts-natures-et-aromatises/24777-yaourt-aromatise.html,2026-02-03 08:15:15,cremerie_et_surgele
Yaourt aromatisé,0.540,https://cdn.geantdrive.tn/tunis-city/1198012-home_default/yaourt-aromatise.jpg,https://www.geantdrive.tn/tunis-city/yaourts-natures-et-aromatises/24774-yaourt-aromatise.html,2026-02-03 08:15:15,cremerie_et_surgele
Yaourt aromatisé,0.540,https://cdn.geantdrive.tn/tunis-city/1325371-home_default/yaourt-aromatise.jpg,https://www.geantdrive.tn/tunis-city/yaourts-natures-et-aromatises/24786-yaourt-aromatise.html,2026-02-03 08:15:16,cremerie_et_surgele
Yaourt aromatisé,0.555,https://cdn.geantdrive.tn/tunis-city/1262363-home_default/yaourt-aromatise.jpg,https://www.geantdrive.tn/tunis-city/yaourts-natures-et-aromatises/68865-yaourt-aromatise.html,2026-02-03 08:15:16,cremerie_et_surgele
Yaourt aromatisé,0.555,https://cdn.geantdrive.tn/tunis-city/1317119-home_default/yaourt-aromatise.jpg,https://www.geantdrive.tn/tunis-city/yaourts-natures-et-aromatises/127851-yaourt-aromatise.html,2026-02-03 08:15:16,cremerie_et_surgele
Yaourt aromatisé,0.555,https://cdn.geantdrive.tn/tunis-city/1341471-home_default/yaourt-aromatise.jpg,https://www.geantdrive.tn/tunis-city/yaourts-natures-et-aromatises/141069-yaourt-aromatise.html,2026-02-03 08:15:16,cremerie_et_surgele
Spécialité laitière br...,0.600,https://cdn.geantdrive.tn/tunis-city/1325377-home_default/specialite-laitiere-brassee.jpg,https://www.geantdrive.tn/tunis-city/yaourts-natures-et-aromatises/48119-specialite-laitiere-brassee.html,2026-02-03 08:15:16,cremerie_et_surgele
Spécialité laitière br...,0.600,https://cdn.geantdrive.tn/tunis-city/1325378-home_default/specialite-laitiere-brassee.jpg,https://www.geantdrive.tn/tunis-city/yaourts-natures-et-aromatises/48120-specialite-laitiere-brassee.html,2026-02-03 08:15:16,cremerie_et_surgele
Spécialité laitière br...,0.600,https://cdn.geantdrive.tn/tunis-city/1325789-home_default/specialite-laitiere-brassee.jpg,https://www.geantdrive.tn/tunis-city/yaourts-a-boire/132902-specialite-laitiere-brassee.html,2026-02-03 08:15:16,cremerie_et_surgele
Yaourt brassé,0.600,https://cdn.geantdrive.tn/tunis-city/1325379-home_default/yaourt-brasse.jpg,https://www.geantdrive.tn/tunis-city/yaourts-natures-et-aromatises/117155-yaourt-brasse.html,2026-02-03 08:15:16,cremerie_et_surgele
Yaourt brassé,0.620,https://cdn.geantdrive.tn/tunis-city/1282882-home_default/yaourt-brasse.jpg,https://www.geantdrive.tn/tunis-city/yaourts-natures-et-aromatises/109138-yaourt-brasse.html,2026-02-03 08:15:17,cremerie_et_surgele
Yaourt brassé,0.620,https://cdn.geantdrive.tn/tunis-city/1270146-home_default/yaourt-brasse.jpg,https://www.geantdrive.tn/tunis-city/yaourts-natures-et-aromatises/104967-yaourt-brasse.html,2026-02-03 08:15:17,cremerie_et_surgele
Yaourt brassé,0.620,https://cdn.geantdrive.tn/tunis-city/1270147-home_default/yaourt-brasse.jpg,https://www.geantdrive.tn/tunis-city/yaourts-natures-et-aromatises/104968-yaourt-brasse.html,2026-02-03 08:15:17,cremerie_et_surgele
Yaourt brassé,0.620,https://cdn.geantdrive.tn/tunis-city/1279101-home_default/yaourt-brasse.jpg,https://www.geantdrive.tn/tunis-city/yaourts-natures-et-aromatises/109139-yaourt-brasse.html,2026-02-03 08:15:17,cremerie_et_surgele
Yaourt aux fruits,0.720,https://cdn.geantdrive.tn/tunis-city/1282880-home_default/yaourt-aux-fruits.jpg,https://www.geantdrive.tn/tunis-city/yaourts-aux-fruits/88341-yaourt-aux-fruits.html,2026-02-03 08:15:17,cremerie_et_surgele
Yaourt,0.730,https://cdn.geantdrive.tn/tunis-city/1300183-home_default/yaourt.jpg,https://www.geantdrive.tn/tunis-city/yaourts-alleges/24857-yaourt.html,2026-02-03 08:15:17,cremerie_et_surgele
Yaourt à boire,0.740,https://cdn.geantdrive.tn/tunis-city/1207954-home_default/yaourt-a-boire.jpg,https://www.geantdrive.tn/tunis-city/yaourts-a-boire/24878-yaourt-a-boire.html,2026-02-03 08:15:18,cremerie_et_surgele
Yaourt à boire,0.740,https://cdn.geantdrive.tn/tunis-city/1208003-home_default/yaourt-a-boire.jpg,https://www.geantdrive.tn/tunis-city/yaourts-a-boire/24877-yaourt-a-boire.html,2026-02-03 08:15:18,cremerie_et_surgele
Crème dessert,0.780,https://cdn.geantdrive.tn/tunis-city/1157508-home_default/creme-dessert.jpg,https://www.geantdrive.tn/tunis-city/cremes-dessert/51805-creme-dessert.html,2026-02-03 08:15:18,cremerie_et_surgele
Crème dessert,0.780,https://cdn.geantdrive.tn/tunis-city/1191182-home_default/creme-dessert.jpg,https://www.geantdrive.tn/tunis-city/cremes-dessert/25003-creme-dessert.html,2026-02-03 08:15:18,cremerie_et_surgele
Crème dessert,0.780,https://cdn.geantdrive.tn/tunis-city/1278149-home_default/creme-dessert.jpg,https://www.geantdrive.tn/tunis-city/cremes-dessert/24996-creme-dessert.html,2026-02-03 08:15:18,cremerie_et_surgele
Crème dessert,0.780,https://cdn.geantdrive.tn/tunis-city/1278144-home_default/creme-dessert.jpg,https://www.geantdrive.tn/tunis-city/cremes-dessert/25005-creme-dessert.html,2026-02-03 08:15:18,cremerie_et_surgele
Crème dessert,0.780,https://cdn.geantdrive.tn/tunis-city/1348742-home_default/creme-dessert.jpg,https://www.geantdrive.tn/tunis-city/cremes-dessert/145417-creme-dessert.html,2026-02-03 08:15:19,cremerie_et_surgele
Yaourt à boire,0.780,https://cdn.geantdrive.tn/tunis-city/1282864-home_default/yaourt-a-boire.jpg,https://www.geantdrive.tn/tunis-city/yaourts-a-boire/24881-yaourt-a-boire.html,2026-02-03 08:15:19,cremerie_et_surgele
Baguette à la farine s...,0.360,https://cdn.geantdrive.tn/tunis-city/1198631-home_default/baguette-a-la-farine-speciale.jpg,https://www.geantdrive.tn/tunis-city/pains-et-viennoiseries/32733-baguette-a-la-farine-speciale.html,2026-02-03 08:15:44,le_marche
Celeri vert,0.460,https://cdn.geantdrive.tn/tunis-city/1234239-home_default/celeri-vert.jpg,https://www.geantdrive.tn/tunis-city/herbes-aromatiques/23574-celeri-vert.html,2026-02-03 08:15:44,le_marche
Blette,0.460,https://cdn.geantdrive.tn/tunis-city/1332989-home_default/blette.jpg,https://www.geantdrive.tn/tunis-city/herbes-aromatiques/28246-blette.html,2026-02-03 08:15:44,le_marche
Persil,0.520,https://cdn.geantdrive.tn/tunis-city/1234422-home_default/persil.jpg,https://www.geantdrive.tn/tunis-city/herbes-aromatiques/23571-persil.html,2026-02-03 08:15:45,le_marche
Pain sans sel,0.600,https://cdn.geantdrive.tn/tunis-city/1204528-home_default/pain-sans-sel.jpg,https://www.geantdrive.tn/tunis-city/cakes-patisseries-et-gateaux/33791-pain-sans-sel.html,2026-02-03 08:15:45,le_marche
Aneth,0.690,https://cdn.geantdrive.tn/tunis-city/1260787-home_default/aneth.jpg,https://www.geantdrive.tn/tunis-city/herbes-aromatiques/41199-aneth.html,2026-02-03 08:15:45,le_marche
Coriandre,0.690,https://cdn.geantdrive.tn/tunis-city/1259323-home_default/coriandre.jpg,https://www.geantdrive.tn/tunis-city/herbes-aromatiques/41191-coriandre.html,2026-02-03 08:15:45,le_marche
Baguette traditionnell...,0.750,https://cdn.geantdrive.tn/tunis-city/1186153-home_default/baguette-traditionnelle-francaise.jpg,https://www.geantdrive.tn/tunis-city/pains-et-viennoiseries/23967-baguette-traditionnelle-francaise.html,2026-02-03 08:15:45,le_marche
Kiwi,0.790,https://cdn.geantdrive.tn/tunis-city/1234172-home_default/kiwi.jpg,https://www.geantdrive.tn/tunis-city/fruits-exotiques/28332-kiwi.html,2026-02-03 08:15:46,le_marche
Pain céréales à l'anci...,0.800,https://cdn.geantdrive.tn/tunis-city/1186494-home_default/pain-cereales-a-l-ancienne.jpg,https://www.geantdrive.tn/tunis-city/pains-et-viennoiseries/23966-pain-cereales-a-l-ancienne.html,2026-02-03 08:15:46,le_marche
Pâte à pizza,0.850,https://cdn.geantdrive.tn/tunis-city/1316665-home_default/pate-a-pizza.jpg,https://www.geantdrive.tn/tunis-city/pains-et-viennoiseries/72948-pate-a-pizza.html,2026-02-03 08:15:46,le_marche
Chou rouge,0.920,https://cdn.geantdrive.tn/tunis-city/1234489-home_default/chou-rouge.jpg,https://www.geantdrive.tn/tunis-city/legumes-frais/28235-chou-rouge.html,2026-02-03 08:15:46,le_marche
Chou vert,0.920,https://cdn.geantdrive.tn/tunis-city/1234485-home_default/chou-vert.jpg,https://www.geantdrive.tn/tunis-city/legumes-frais/28327-chou-vert.html,2026-02-03 08:15:46,le_marche
Epi,0.950,https://cdn.geantdrive.tn/tunis-city/1186165-home_default/epi.jpg,https://www.geantdrive.tn/tunis-city/pains-et-viennoiseries/23971-epi.html,2026-02-03 08:15:46,le_marche
Mini salami régaline,0.960,https://cdn.geantdrive.tn/tunis-city/1239772-home_default/mini-salami-regaline.jpg,https://www.geantdrive.tn/tunis-city/volaille/25012-mini-salami-regaline.html,2026-02-03 08:15:47,le_marche
Pamplemousse rose A,0.990,https://cdn.geantdrive.tn/tunis-city/1269177-home_default/pamplemousse-rose-a.jpg,https://www.geantdrive.tn/tunis-city/agrumes/104362-pamplemousse-rose-a.html,2026-02-03 08:15:47,le_marche
Pain en boule,1.000,https://cdn.geantdrive.tn/tunis-city/1220511-home_default/pain-en-boule.jpg,https://www.geantdrive.tn/tunis-city/pains-et-viennoiseries/23968-pain-en-boule.html,2026-02-03 08:15:47,le_marche
Pain burger,1.050,https://cdn.geantdrive.tn/tunis-city/847328-home_default/pain-burger.jpg,https://www.geantdrive.tn/tunis-city/pains-et-viennoiseries/74029-pain-burger.html,2026-02-03 08:15:47,le_marche
Malsouka semoule,1.050,https://cdn.geantdrive.tn/tunis-city/1239758-home_default/malsouka-semoule.jpg,https://www.geantdrive.tn/tunis-city/pates-fraiches/28366-malsouka-semoule.html,2026-02-03 08:15:47,le_marche
Malsouka plate,1.070,https://cdn.geantdrive.tn/tunis-city/1239841-home_default/malsouka-plate.jpg,https://www.geantdrive.tn/tunis-city/pates-fraiches/28766-malsouka-plate.html,2026-02-03 08:15:47,le_marche
Mini salami dindino,1.100,https://cdn.geantdrive.tn/tunis-city/1239785-home_default/mini-salami-dindino.jpg,https://www.geantdrive.tn/tunis-city/volaille/25014-mini-salami-dindino.html,2026-02-03 08:15:47,le_marche
Tabouna pain complet,1.150,https://cdn.geantdrive.tn/tunis-city/1186232-home_default/tabouna-pain-complet.jpg,https://www.geantdrive.tn/tunis-city/pains-et-viennoiseries/23760-tabouna-pain-complet.html,2026-02-03 08:15:47,le_marche
Fenouil avec fanes,1.150,https://cdn.geantdrive.tn/tunis-city/1234700-home_default/fenouil-avec-fanes.jpg,https://www.geantdrive.tn/tunis-city/legumes-frais/28247-fenouil-avec-fanes.html,2026-02-03 08:15:48,le_marche
Malsouka,1.150,https://cdn.geantdrive.tn/tunis-city/1147232-home_default/malsouka.jpg,https://www.geantdrive.tn/tunis-city/pates-fraiches/33428-malsouka.html,2026-02-03 08:15:48,le_marche
Mini régaline de dinde,1.190,https://cdn.geantdrive.tn/tunis-city/1237652-home_default/mini-regaline-de-dinde.jpg,https://www.geantdrive.tn/tunis-city/volaille/25010-mini-regaline-de-dinde.html,2026-02-03 08:15:48,le_marche
Salami dicky dicky,1.210,https://cdn.geantdrive.tn/tunis-city/1151468-home_default/salami-dicky-dicky.jpg,https://www.geantdrive.tn/tunis-city/volaille/35955-salami-dicky-dicky.html,2026-02-03 08:15:48,le_marche
Salade romaine,1.260,https://cdn.geantdrive.tn/tunis-city/1234108-home_default/salade-romaine.jpg,https://www.geantdrive.tn/tunis-city/salades/23552-salade-romaine.html,2026-02-03 08:15:48,le_marche
Salade laitue,1.260,https://cdn.geantdrive.tn/tunis-city/1234104-home_default/salade-laitue.jpg,https://www.geantdrive.tn/tunis-city/salades/23548-salade-laitue.html,2026-02-03 08:15:48,le_marche
Radis local,1.260,https://cdn.geantdrive.tn/tunis-city/1234302-home_default/radis-local.jpg,https://www.geantdrive.tn/tunis-city/salades/28319-radis-local.html,2026-02-03 08:15:49,le_marche
Baguette viennoise,1.350,https://cdn.geantdrive.tn/tunis-city/1186237-home_default/baguette-viennoise.jpg,https://www.geantdrive.tn/tunis-city/pains-et-viennoiseries/23762-baguette-viennoise.html,2026-02-03 08:15:49,le_marche
Chausson aux pommes,1.350,https://cdn.geantdrive.tn/tunis-city/1186288-home_default/chausson-aux-pommes.jpg,https://www.geantdrive.tn/tunis-city/pains-et-viennoiseries/23745-chausson-aux-pommes.html,2026-02-03 08:15:49,le_marche
Pain au fondant ou sch...,1.400,https://cdn.geantdrive.tn/tunis-city/1186245-home_default/pain-au-fondant-ou-schnecke.jpg,https://www.geantdrive.tn/tunis-city/pains-et-viennoiseries/23765-pain-au-fondant-ou-schnecke.html,2026-02-03 08:15:49,le_marche
Coque suisse,1.400,https://cdn.geantdrive.tn/tunis-city/1199442-home_default/coque-suisse.jpg,https://www.geantdrive.tn/tunis-city/pains-et-viennoiseries/27513-coque-suisse.html,2026-02-03 08:15:49,le_marche
Tomate allongée,1.490,https://cdn.geantdrive.tn/tunis-city/1235766-home_default/tomate-allongee.jpg,https://www.geantdrive.tn/tunis-city/legumes-frais/23566-tomate-allongee.html,2026-02-03 08:15:49,le_marche
Pain libanais (Raghif),1.490,https://cdn.geantdrive.tn/tunis-city/1186707-home_default/pain-libanais-15cm.jpg,https://www.geantdrive.tn/tunis-city/pains-et-viennoiseries/27522-pain-libanais-15cm.html,2026-02-03 08:15:49,le_marche
Malsouka,1.520,https://cdn.geantdrive.tn/tunis-city/1239818-home_default/malsouka.jpg,https://www.geantdrive.tn/tunis-city/pates-fraiches/28365-malsouka.html,2026-02-03 08:15:50,le_marche
Boureyka plate,1.520,https://cdn.geantdrive.tn/tunis-city/1237642-home_default/boureyka-plate.jpg,https://www.geantdrive.tn/tunis-city/pates-fraiches/28364-boureyka-plate.html,2026-02-03 08:15:50,le_marche
Boureyka,1.520,https://cdn.geantdrive.tn/tunis-city/1239828-home_default/boureyka.jpg,https://www.geantdrive.tn/tunis-city/pates-fraiches/28363-boureyka.html,2026-02-03 08:15:50,le_marche
Samsa,1.520,https://cdn.geantdrive.tn/tunis-city/1239824-home_default/samsa.jpg,https://www.geantdrive.tn/tunis-city/pates-fraiches/28369-samsa.html,2026-02-03 08:15:50,le_marche
Citron Eureka AA,1.590,https://cdn.geantdrive.tn/tunis-city/1235786-home_default/citron-eureka.jpg,https://www.geantdrive.tn/tunis-city/legumes-frais/28348-citron-eureka.html,2026-02-03 08:15:50,le_marche
Navet avec fanes,1.590,https://cdn.geantdrive.tn/tunis-city/1235679-home_default/navet-avec-fanes.jpg,https://www.geantdrive.tn/tunis-city/legumes-frais/28250-navet-avec-fanes.html,2026-02-03 08:15:50,le_marche
Pain de pique-nique,1.600,https://cdn.geantdrive.tn/tunis-city/1336409-home_default/pain-de-pique-nique-x5.jpg,https://www.geantdrive.tn/tunis-city/pains-et-viennoiseries/23751-pain-de-pique-nique-x5.html,2026-02-03 08:15:50,le_marche
Croissant amande pur b...,1.650,https://cdn.geantdrive.tn/tunis-city/1199487-home_default/croissant-amande-pur-beurre.jpg,https://www.geantdrive.tn/tunis-city/pains-et-viennoiseries/30983-croissant-amande-pur-beurre.html,2026-02-03 08:15:51,le_marche
Malsouka plate,1.650,https://cdn.geantdrive.tn/tunis-city/1237639-home_default/malsouka-plate.jpg,https://www.geantdrive.tn/tunis-city/pates-fraiches/28362-malsouka-plate.html,2026-02-03 08:15:51,le_marche
Pain aux céréales,1.650,https://cdn.geantdrive.tn/tunis-city/1319378-home_default/pain-aux-cereales.jpg,https://www.geantdrive.tn/tunis-city/pains-et-viennoiseries/129392-pain-aux-cereales.html,2026-02-03 08:15:51,le_marche
Pâte pâtissier samsa,1.650,https://cdn.geantdrive.tn/tunis-city/1239561-home_default/pate-patissier-samsa.jpg,https://www.geantdrive.tn/tunis-city/pates-fraiches/28368-pate-patissier-samsa.html,2026-02-03 08:15:51,le_marche
Petit pain de campagne,1.700,https://cdn.geantdrive.tn/tunis-city/1186228-home_default/petit-pain-de-campagne-x5.jpg,https://www.geantdrive.tn/tunis-city/pains-et-viennoiseries/23758-petit-pain-de-campagne-x5.html,2026-02-03 08:15:51,le_marche
Petit pain viennois,1.700,https://cdn.geantdrive.tn/tunis-city/1186263-home_default/petit-pain-viennois-x5.jpg,https://www.geantdrive.tn/tunis-city/pains-et-viennoiseries/23770-petit-pain-viennois-x5.html,2026-02-03 08:15:51,le_marche
Masque barrière lavable,0.900,https://cdn.geantdrive.tn/tunis-city/1155337-home_default/masque-barriere-lavable.jpg,https://www.geantdrive.tn/tunis-city/produits-antibacteriens-et-masques/54804-masque-barriere-lavable.html,2026-02-03 08:16:16,hygiene_et_beaute
Lingettes de voyage,0.930,https://cdn.geantdrive.tn/tunis-city/1331782-home_default/lingettes-de-voyage.jpg,https://www.geantdrive.tn/tunis-city/demaquillants/135396-lingettes-de-voyage.html,2026-02-03 08:16:17,hygiene_et_beaute
Savon de toilette,0.990,https://cdn.geantdrive.tn/tunis-city/1301809-home_default/savon-de-toilette.jpg,https://www.geantdrive.tn/tunis-city/savons/119400-savon-de-toilette.html,2026-02-03 08:16:17,hygiene_et_beaute
Savon de toilette,0.990,https://cdn.geantdrive.tn/tunis-city/1331821-home_default/savon-de-toilette.jpg,https://www.geantdrive.tn/tunis-city/savons/135433-savon-de-toilette.html,2026-02-03 08:16:17,hygiene_et_beaute
Savon de toilette,0.990,https://cdn.geantdrive.tn/tunis-city/1301810-home_default/savon-de-toilette.jpg,https://www.geantdrive.tn/tunis-city/savons/119401-savon-de-toilette.html,2026-02-03 08:16:17,hygiene_et_beaute
Savon de toilette,0.990,https://cdn.geantdrive.tn/tunis-city/1315253-home_default/savon-de-toilette.jpg,https://www.geantdrive.tn/tunis-city/savons/126777-savon-de-toilette.html,2026-02-03 08:16:17,hygiene_et_beaute
Savon de toilette,0.990,https://cdn.geantdrive.tn/tunis-city/1301829-home_default/savon-de-toilette.jpg,https://www.geantdrive.tn/tunis-city/savons/119420-savon-de-toilette.html,2026-02-03 08:16:18,hygiene_et_beaute
Savon de toilette,0.990,https://cdn.geantdrive.tn/tunis-city/1301811-home_default/savon-de-toilette.jpg,https://www.geantdrive.tn/tunis-city/savons/119402-savon-de-toilette.html,2026-02-03 08:16:18,hygiene_et_beaute
Elastique chanielle,1.050,https://cdn.geantdrive.tn/tunis-city/1265568-home_default/elastique-chanielle.jpg,https://www.geantdrive.tn/tunis-city/accessoires-cheveux/36946-elastique-chanielle.html,2026-02-03 08:16:18,hygiene_et_beaute
Lingettes,1.090,https://cdn.geantdrive.tn/tunis-city/1247507-home_default/lingettes.jpg,https://www.geantdrive.tn/tunis-city/savons/22894-lingettes.html,2026-02-03 08:16:18,hygiene_et_beaute
Crème oxydante,1.190,https://cdn.geantdrive.tn/tunis-city/1247393-home_default/creme-oxydante.jpg,https://www.geantdrive.tn/tunis-city/colorations/30722-creme-oxydante.html,2026-02-03 08:16:18,hygiene_et_beaute
Oxydant,1.190,https://cdn.geantdrive.tn/tunis-city/1302802-home_default/oxydant.jpg,https://www.geantdrive.tn/tunis-city/colorations/119732-oxydant.html,2026-02-03 08:16:19,hygiene_et_beaute
Crème oxydante,1.190,https://cdn.geantdrive.tn/tunis-city/1247408-home_default/creme-oxydante.jpg,https://www.geantdrive.tn/tunis-city/colorations/30724-creme-oxydante.html,2026-02-03 08:16:19,hygiene_et_beaute
Crème oxydante,1.190,https://cdn.geantdrive.tn/tunis-city/1247401-home_default/creme-oxydante.jpg,https://www.geantdrive.tn/tunis-city/colorations/30723-creme-oxydante.html,2026-02-03 08:16:19,hygiene_et_beaute
Oxydant,1.190,https://cdn.geantdrive.tn/tunis-city/1302803-home_default/oxydant.jpg,https://www.geantdrive.tn/tunis-city/colorations/119733-oxydant.html,2026-02-03 08:16:19,hygiene_et_beaute
Oxydant,1.190,https://cdn.geantdrive.tn/tunis-city/1302988-home_default/oxydant.jpg,https://www.geantdrive.tn/tunis-city/colorations/119907-oxydant.html,2026-02-03 08:16:19,hygiene_et_beaute
Crème oxydant,1.390,https://cdn.geantdrive.tn/tunis-city/1302975-home_default/creme-oxydant.jpg,https://www.geantdrive.tn/tunis-city/colorations/119898-creme-oxydant.html,2026-02-03 08:16:19,hygiene_et_beaute
Crème oxydant,1.390,https://cdn.geantdrive.tn/tunis-city/1302973-home_default/creme-oxydant.jpg,https://www.geantdrive.tn/tunis-city/colorations/119896-creme-oxydant.html,2026-02-03 08:16:20,hygiene_et_beaute
Crème oxydant,1.390,https://cdn.geantdrive.tn/tunis-city/1302972-home_default/creme-oxydant.jpg,https://www.geantdrive.tn/tunis-city/colorations/119895-creme-oxydant.html,2026-02-03 08:16:20,hygiene_et_beaute
Serre tête pour bébé,1.440,https://cdn.geantdrive.tn/tunis-city/1247432-home_default/serre-tete-pour-bebe.jpg,https://www.geantdrive.tn/tunis-city/accessoires-cheveux/30725-serre-tete-pour-bebe.html,2026-02-03 08:16:20,hygiene_et_beaute
Brosse à teinture,1.450,https://cdn.geantdrive.tn/tunis-city/1292324-home_default/brosse-a-teinture.jpg,https://www.geantdrive.tn/tunis-city/accessoires-cheveux/114164-brosse-a-teinture.html,2026-02-03 08:16:20,hygiene_et_beaute
Lingettes,1.490,https://cdn.geantdrive.tn/tunis-city/1197744-home_default/lingettes.jpg,https://www.geantdrive.tn/tunis-city/savons/22893-lingettes.html,2026-02-03 08:16:20,hygiene_et_beaute
Savon de toilette,1.550,https://cdn.geantdrive.tn/tunis-city/1201552-home_default/savon-de-toilette.jpg,https://www.geantdrive.tn/tunis-city/savons/23826-savon-de-toilette.html,2026-02-03 08:16:20,hygiene_et_beaute
Savon de toilette,1.550,https://cdn.geantdrive.tn/tunis-city/1201555-home_default/savon-de-toilette.jpg,https://www.geantdrive.tn/tunis-city/savons/23824-savon-de-toilette.html,2026-02-03 08:16:20,hygiene_et_beaute
Savon de toilette,1.550,https://cdn.geantdrive.tn/tunis-city/1184340-home_default/savon-de-toilette.jpg,https://www.geantdrive.tn/tunis-city/savons/23830-savon-de-toilette.html,2026-02-03 08:16:20,hygiene_et_beaute
Brosse à dents,1.550,https://cdn.geantdrive.tn/tunis-city/1182739-home_default/brosse-a-dents.jpg,https://www.geantdrive.tn/tunis-city/brosses-a-dents/24452-brosse-a-dents.html,2026-02-03 08:16:21,hygiene_et_beaute
Savon de toilette,1.550,https://cdn.geantdrive.tn/tunis-city/1184331-home_default/savon-de-toilette.jpg,https://www.geantdrive.tn/tunis-city/savons/23825-savon-de-toilette.html,2026-02-03 08:16:21,hygiene_et_beaute
Savon de toilette,1.550,https://cdn.geantdrive.tn/tunis-city/1201557-home_default/savon-de-toilette.jpg,https://www.geantdrive.tn/tunis-city/savons/23823-savon-de-toilette.html,2026-02-03 08:16:21,hygiene_et_beaute
Brosse à dents,1.550,https://cdn.geantdrive.tn/tunis-city/1182737-home_default/brosse-a-dents.jpg,https://www.geantdrive.tn/tunis-city/brosses-a-dents/24453-brosse-a-dents.html,2026-02-03 08:16:21,hygiene_et_beaute
Savon de toilette,1.550,https://cdn.geantdrive.tn/tunis-city/1184336-home_default/savon-de-toilette.jpg,https://www.geantdrive.tn/tunis-city/savons/23832-savon-de-toilette.html,2026-02-03 08:16:21,hygiene_et_beaute
Brosse à dent,1.550,https://cdn.geantdrive.tn/tunis-city/1182735-home_default/brosse-a-dent.jpg,https://www.geantdrive.tn/tunis-city/brosses-a-dents/23372-brosse-a-dent.html,2026-02-03 08:16:21,hygiene_et_beaute
Lingettes antibactérie...,1.590,https://cdn.geantdrive.tn/tunis-city/1350230-home_default/lingettes-antibacteriennes-pour-enfant.jpg,https://www.geantdrive.tn/tunis-city/produits-antibacteriens-et-masques/146004-lingettes-antibacteriennes-pour-enfant.html,2026-02-03 08:16:21,hygiene_et_beaute
Brosse à dents pour en...,1.690,https://cdn.geantdrive.tn/tunis-city/1247426-home_default/brosse-a-dents-enfant.jpg,https://www.geantdrive.tn/tunis-city/brosses-a-dents/26618-brosse-a-dents-enfant.html,2026-02-03 08:16:22,hygiene_et_beaute
Brosse à dent,1.750,https://cdn.geantdrive.tn/tunis-city/1265885-home_default/brosse-a-dent.jpg,https://www.geantdrive.tn/tunis-city/brosses-a-dents/40145-brosse-a-dent.html,2026-02-03 08:16:22,hygiene_et_beaute
Brosse à dents,1.750,https://cdn.geantdrive.tn/tunis-city/1159092-home_default/brosse-a-dents.jpg,https://www.geantdrive.tn/tunis-city/brosses-a-dents/46716-brosse-a-dents.html,2026-02-03 08:16:22,hygiene_et_beaute
Brosse à dent,1.750,https://cdn.geantdrive.tn/tunis-city/1265887-home_default/brosse-a-dent.jpg,https://www.geantdrive.tn/tunis-city/brosses-a-dents/40146-brosse-a-dent.html,2026-02-03 08:16:22,hygiene_et_beaute
Lingettes antibactérie...,1.750,https://cdn.geantdrive.tn/tunis-city/1203605-home_default/lingettes-antibacteriennes.jpg,https://www.geantdrive.tn/tunis-city/produits-antibacteriens-et-masques/23603-lingettes-antibacteriennes.html,2026-02-03 08:16:22,hygiene_et_beaute
Peigne à coupe,1.790,https://cdn.geantdrive.tn/tunis-city/1247704-home_default/peigne-a-coupe.jpg,https://www.geantdrive.tn/tunis-city/accessoires-cheveux/31605-peigne-a-coupe.html,2026-02-03 08:16:22,hygiene_et_beaute
Savon de toilette,1.800,https://cdn.geantdrive.tn/tunis-city/966576-home_default/savon-de-toilette.jpg,https://www.geantdrive.tn/tunis-city/savons/65652-savon-de-toilette.html,2026-02-03 08:16:22,hygiene_et_beaute
Savon de toilette,1.800,https://cdn.geantdrive.tn/tunis-city/966574-home_default/savon-de-toilette.jpg,https://www.geantdrive.tn/tunis-city/savons/65650-savon-de-toilette.html,2026-02-03 08:16:23,hygiene_et_beaute
Savon de toilette,1.800,https://cdn.geantdrive.tn/tunis-city/966577-home_default/savon-de-toilette.jpg,https://www.geantdrive.tn/tunis-city/produits-antibacteriens-et-masques/65653-savon-de-toilette.html,2026-02-03 08:16:23,hygiene_et_beaute
Savon de toilette,1.800,https://cdn.geantdrive.tn/tunis-city/966575-home_default/savon-de-toilette.jpg,https://www.geantdrive.tn/tunis-city/savons/65651-savon-de-toilette.html,2026-02-03 08:16:23,hygiene_et_beaute
Brosse à dents,1.850,https://cdn.geantdrive.tn/tunis-city/1325199-home_default/brosse-a-dents.jpg,https://www.geantdrive.tn/tunis-city/brosses-a-dents/132761-brosse-a-dents.html,2026-02-03 08:16:23,hygiene_et_beaute
Brosse à dents,1.850,https://cdn.geantdrive.tn/tunis-city/1195457-home_default/brosse-a-dents.jpg,https://www.geantdrive.tn/tunis-city/brosses-a-dents/84799-brosse-a-dents.html,2026-02-03 08:16:23,hygiene_et_beaute
Peigne à queue,1.880,https://cdn.geantdrive.tn/tunis-city/1181421-home_default/peigne-a-queue.jpg,https://www.geantdrive.tn/tunis-city/accessoires-cheveux/36956-peigne-a-queue.html,2026-02-03 08:16:23,hygiene_et_beaute
Crème déodorante,1.890,https://cdn.geantdrive.tn/tunis-city/1264993-home_default/creme-deodorante.jpg,https://www.geantdrive.tn/tunis-city/deodorants/82043-creme-deodorante.html,2026-02-03 08:16:24,hygiene_et_beaute
Crème à raser,1.890,https://cdn.geantdrive.tn/tunis-city/1197281-home_default/creme-a-raser.jpg,https://www.geantdrive.tn/tunis-city/rasage-homme/32111-creme-a-raser.html,2026-02-03 08:16:24,hygiene_et_beaute
Crème déodorante,1.890,https://cdn.geantdrive.tn/tunis-city/1264992-home_default/creme-deodorante.jpg,https://www.geantdrive.tn/tunis-city/deodorants/82041-creme-deodorante.html,2026-02-03 08:16:24,hygiene_et_beaute
Lingettes bébé,1.450,https://cdn.geantdrive.tn/tunis-city/1292637-home_default/lingettes-bebe.jpg,https://www.geantdrive.tn/tunis-city/couches-et-lingettes/114475-lingettes-bebe.html,2026-02-03 08:16:48,univers_bebes
Lingettes bébé,1.490,https://cdn.geantdrive.tn/tunis-city/1194576-home_default/lingettes-bebe.jpg,https://www.geantdrive.tn/tunis-city/couches-et-lingettes/23249-lingettes-bebe.html,2026-02-03 08:16:49,univers_bebes
Chaussettes bébé,1.500,https://cdn.geantdrive.tn/tunis-city/1208868-home_default/chaussettes-bebe.jpg,https://www.geantdrive.tn/tunis-city/bebe/81372-chaussettes-bebe.html,2026-02-03 08:16:49,univers_bebes
Chaussettes bébé,1.500,https://cdn.geantdrive.tn/tunis-city/1210203-home_default/chaussettes-bebe.jpg,https://www.geantdrive.tn/tunis-city/bebe/81400-chaussettes-bebe.html,2026-02-03 08:16:49,univers_bebes
Chaussettes bébé,1.500,https://cdn.geantdrive.tn/tunis-city/1208876-home_default/chaussettes-bebe.jpg,https://www.geantdrive.tn/tunis-city/bebe/81377-chaussettes-bebe.html,2026-02-03 08:16:49,univers_bebes
Chaussettes bébé,1.500,https://cdn.geantdrive.tn/tunis-city/1208870-home_default/chaussettes-bebe.jpg,https://www.geantdrive.tn/tunis-city/bebe/81373-chaussettes-bebe.html,2026-02-03 08:16:50,univers_bebes
Lingettes bébé,1.750,https://cdn.geantdrive.tn/tunis-city/1186567-home_default/lingettes-bebe.jpg,https://www.geantdrive.tn/tunis-city/couches-et-lingettes/23354-lingettes-bebe.html,2026-02-03 08:16:50,univers_bebes
Lingettes bébé,1.760,https://cdn.geantdrive.tn/tunis-city/1197752-home_default/lingettes-bebe.jpg,https://www.geantdrive.tn/tunis-city/couches-et-lingettes/23385-lingettes-bebe.html,2026-02-03 08:16:50,univers_bebes
Chaussettes ajourées f...,1.990,https://cdn.geantdrive.tn/tunis-city/1210378-home_default/chaussettes-ajourees-fillettes.jpg,https://www.geantdrive.tn/tunis-city/bebe/81410-chaussettes-ajourees-fillettes.html,2026-02-03 08:16:50,univers_bebes
Chaussettes bébé,1.990,https://cdn.geantdrive.tn/tunis-city/1210187-home_default/chaussettes-bebe.jpg,https://www.geantdrive.tn/tunis-city/bebe/81386-chaussettes-bebe.html,2026-02-03 08:16:50,univers_bebes
Chaussettes bébé,1.990,https://cdn.geantdrive.tn/tunis-city/1210188-home_default/chaussettes-bebe.jpg,https://www.geantdrive.tn/tunis-city/bebe/81387-chaussettes-bebe.html,2026-02-03 08:16:50,univers_bebes
Chaussettes bébé,1.990,https://cdn.geantdrive.tn/tunis-city/1210189-home_default/chaussettes-bebe.jpg,https://www.geantdrive.tn/tunis-city/bebe/81388-chaussettes-bebe.html,2026-02-03 08:16:50,univers_bebes
Chaussettes bébé,1.990,https://cdn.geantdrive.tn/tunis-city/1208873-home_default/chaussettes-bebe.jpg,https://www.geantdrive.tn/tunis-city/bebe/81375-chaussettes-bebe.html,2026-02-03 08:16:51,univers_bebes
Chaussettes bébé,1.990,https://cdn.geantdrive.tn/tunis-city/1208879-home_default/chaussettes-bebe.jpg,https://www.geantdrive.tn/tunis-city/bebe/81379-chaussettes-bebe.html,2026-02-03 08:16:51,univers_bebes
Chaussettes ajourées,1.990,https://cdn.geantdrive.tn/tunis-city/1210211-home_default/chaussettes-ajourees.jpg,https://www.geantdrive.tn/tunis-city/bebe/81407-chaussettes-ajourees.html,2026-02-03 08:16:51,univers_bebes
Soquettes fille,1.990,https://cdn.geantdrive.tn/tunis-city/1193802-home_default/soquettes-fille.jpg,https://www.geantdrive.tn/tunis-city/bebe/81250-soquettes-fille.html,2026-02-03 08:16:51,univers_bebes
Soquettes fille,1.990,https://cdn.geantdrive.tn/tunis-city/1193806-home_default/soquettes-fille.jpg,https://www.geantdrive.tn/tunis-city/bebe/81251-soquettes-fille.html,2026-02-03 08:16:51,univers_bebes
Mi-chaussettes fille,1.990,https://cdn.geantdrive.tn/tunis-city/1193809-home_default/mi-chaussettes-fille.jpg,https://www.geantdrive.tn/tunis-city/bebe/81252-mi-chaussettes-fille.html,2026-02-03 08:16:51,univers_bebes
Mi-chaussettes fille,1.990,https://cdn.geantdrive.tn/tunis-city/1193810-home_default/mi-chaussettes-fille.jpg,https://www.geantdrive.tn/tunis-city/bebe/81253-mi-chaussettes-fille.html,2026-02-03 08:16:52,univers_bebes
Chaussettes ajourées,1.990,https://cdn.geantdrive.tn/tunis-city/1210213-home_default/chaussettes-ajourees.jpg,https://www.geantdrive.tn/tunis-city/bebe/81408-chaussettes-ajourees.html,2026-02-03 08:16:52,univers_bebes
Lingettes de voyage bébé,2.050,https://cdn.geantdrive.tn/tunis-city/1333687-home_default/lingettes-de-voyage-bebe.jpg,https://www.geantdrive.tn/tunis-city/couches-et-lingettes/136858-lingettes-de-voyage-bebe.html,2026-02-03 08:16:52,univers_bebes
Chaussettes bébé,2.090,https://cdn.geantdrive.tn/tunis-city/1195588-home_default/chaussettes-bebe.jpg,https://www.geantdrive.tn/tunis-city/bebe/81271-chaussettes-bebe.html,2026-02-03 08:16:52,univers_bebes
Chaussettes bébé,2.090,https://cdn.geantdrive.tn/tunis-city/1195569-home_default/chaussettes-bebe.jpg,https://www.geantdrive.tn/tunis-city/bebe/81254-chaussettes-bebe.html,2026-02-03 08:16:52,univers_bebes
Chaussettes bébé,2.090,https://cdn.geantdrive.tn/tunis-city/1195592-home_default/chaussettes-bebe.jpg,https://www.geantdrive.tn/tunis-city/bebe/81275-chaussettes-bebe.html,2026-02-03 08:16:52,univers_bebes
Chaussettes bébé,2.090,https://cdn.geantdrive.tn/tunis-city/1195591-home_default/chaussettes-bebe.jpg,https://www.geantdrive.tn/tunis-city/bebe/81274-chaussettes-bebe.html,2026-02-03 08:16:52,univers_bebes
Chaussettes bébé,2.090,https://cdn.geantdrive.tn/tunis-city/1195572-home_default/chaussettes-bebe.jpg,https://www.geantdrive.tn/tunis-city/bebe/81255-chaussettes-bebe.html,2026-02-03 08:16:53,univers_bebes
Chaussettes bébé,2.090,https://cdn.geantdrive.tn/tunis-city/1195589-home_default/chaussettes-bebe.jpg,https://www.geantdrive.tn/tunis-city/bebe/81272-chaussettes-bebe.html,2026-02-03 08:16:53,univers_bebes
Chaussettes bébé,2.090,https://cdn.geantdrive.tn/tunis-city/1195586-home_default/chaussettes-bebe.jpg,https://www.geantdrive.tn/tunis-city/bebe/81269-chaussettes-bebe.html,2026-02-03 08:16:53,univers_bebes
Chaussettes bébé,2.090,https://cdn.geantdrive.tn/tunis-city/1195587-home_default/chaussettes-bebe.jpg,https://www.geantdrive.tn/tunis-city/bebe/81270-chaussettes-bebe.html,2026-02-03 08:16:53,univers_bebes
Chaussettes bébé,2.090,https://cdn.geantdrive.tn/tunis-city/1195582-home_default/chaussettes-bebe.jpg,https://www.geantdrive.tn/tunis-city/bebe/81265-chaussettes-bebe.html,2026-02-03 08:16:53,univers_bebes
Chaussettes bébé,2.090,https://cdn.geantdrive.tn/tunis-city/1195581-home_default/chaussettes-bebe.jpg,https://www.geantdrive.tn/tunis-city/bebe/81264-chaussettes-bebe.html,2026-02-03 08:16:53,univers_bebes
Chaussettes bébé,2.090,https://cdn.geantdrive.tn/tunis-city/1195577-home_default/chaussettes-bebe.jpg,https://www.geantdrive.tn/tunis-city/bebe/81260-chaussettes-bebe.html,2026-02-03 08:16:54,univers_bebes
Chaussettes bébé,2.090,https://cdn.geantdrive.tn/tunis-city/1195576-home_default/chaussettes-bebe.jpg,https://www.geantdrive.tn/tunis-city/bebe/81259-chaussettes-bebe.html,2026-02-03 08:16:54,univers_bebes
Chaussettes bébé,2.090,https://cdn.geantdrive.tn/tunis-city/1195590-home_default/chaussettes-bebe.jpg,https://www.geantdrive.tn/tunis-city/bebe/81273-chaussettes-bebe.html,2026-02-03 08:16:54,univers_bebes
Mini chaussettes bébé,2.290,https://cdn.geantdrive.tn/tunis-city/1210387-home_default/mini-chaussettes-bebe.jpg,https://www.geantdrive.tn/tunis-city/bebe/81412-mini-chaussettes-bebe.html,2026-02-03 08:16:54,univers_bebes
Mini chaussettes bébé,2.290,https://cdn.geantdrive.tn/tunis-city/1210393-home_default/mini-chaussettes-bebe.jpg,https://www.geantdrive.tn/tunis-city/bebe/81414-mini-chaussettes-bebe.html,2026-02-03 08:16:54,univers_bebes
Compote,2.290,https://cdn.geantdrive.tn/tunis-city/1157913-home_default/compote.jpg,https://www.geantdrive.tn/tunis-city/compotes-et-purees/48097-compote.html,2026-02-03 08:16:54,univers_bebes
Mini chaussettes bébé,2.290,https://cdn.geantdrive.tn/tunis-city/1210390-home_default/mini-chaussettes-bebe.jpg,https://www.geantdrive.tn/tunis-city/bebe/81413-mini-chaussettes-bebe.html,2026-02-03 08:16:54,univers_bebes
Soquettes bébé fille,2.290,https://cdn.geantdrive.tn/tunis-city/1184382-home_default/soquettes-bebe-fille.jpg,https://www.geantdrive.tn/tunis-city/bebe/81245-soquettes-bebe-fille.html,2026-02-03 08:16:55,univers_bebes
Soquettes bébé garçon,2.290,https://cdn.geantdrive.tn/tunis-city/1184392-home_default/soquettes-bebe-garcon.jpg,https://www.geantdrive.tn/tunis-city/bebe/81249-soquettes-bebe-garcon.html,2026-02-03 08:16:55,univers_bebes
Soquettes bébé fille,2.290,https://cdn.geantdrive.tn/tunis-city/1184379-home_default/soquettes-bebe-fille.jpg,https://www.geantdrive.tn/tunis-city/bebe/81244-soquettes-bebe-fille.html,2026-02-03 08:16:55,univers_bebes
Compote sans sucre ajouté,2.290,https://cdn.geantdrive.tn/tunis-city/1162862-home_default/compote-sans-sucre-ajoute.jpg,https://www.geantdrive.tn/tunis-city/compotes-et-purees/54174-compote-sans-sucre-ajoute.html,2026-02-03 08:16:55,univers_bebes
Compote,2.290,https://cdn.geantdrive.tn/tunis-city/1332316-home_default/compote.jpg,https://www.geantdrive.tn/tunis-city/compotes-et-purees/135923-compote.html,2026-02-03 08:16:55,univers_bebes
Soquettes bébé fille,2.290,https://cdn.geantdrive.tn/tunis-city/1184383-home_default/soquettes-bebe-fille.jpg,https://www.geantdrive.tn/tunis-city/bebe/81246-soquettes-bebe-fille.html,2026-02-03 08:16:55,univers_bebes
Soquettes bébé garçon,2.290,https://cdn.geantdrive.tn/tunis-city/1184389-home_default/soquettes-bebe-garcon.jpg,https://www.geantdrive.tn/tunis-city/bebe/81248-soquettes-bebe-garcon.html,2026-02-03 08:16:55,univers_bebes
Soquettes bébé garçon,2.290,https://cdn.geantdrive.tn/tunis-city/1184386-home_default/soquettes-bebe-garcon.jpg,https://www.geantdrive.tn/tunis-city/bebe/81247-soquettes-bebe-garcon.html,2026-02-03 08:16:56,univers_bebes
Savon pour bébé,2.410,https://cdn.geantdrive.tn/tunis-city/1247489-home_default/savon-pour-bebe.jpg,https://www.geantdrive.tn/tunis-city/savons-et-gels-douche/30727-savon-pour-bebe.html,2026-02-03 08:16:56,univers_bebes
Savon pour bébé,2.410,https://cdn.geantdrive.tn/tunis-city/1247493-home_default/savon-pour-bebe.jpg,https://www.geantdrive.tn/tunis-city/savons-et-gels-douche/30728-savon-pour-bebe.html,2026-02-03 08:16:56,univers_bebes
Sac à bretelle,0.220,https://cdn.geantdrive.tn/tunis-city/1203514-home_default/sac-a-bretelle.jpg,https://www.geantdrive.tn/tunis-city/autres-sacs/23948-sac-a-bretelle.html,2026-02-03 08:17:20,produits_menagers
Eponge,0.590,https://cdn.geantdrive.tn/tunis-city/974290-home_default/eponge.jpg,https://www.geantdrive.tn/tunis-city/eponges-et-tampons/87024-eponge.html,2026-02-03 08:17:20,produits_menagers
Chiffon,0.630,https://cdn.geantdrive.tn/tunis-city/1249201-home_default/chiffon.jpg,https://www.geantdrive.tn/tunis-city/serpilleres/23987-chiffon.html,2026-02-03 08:17:21,produits_menagers
Chamoisine,0.720,https://cdn.geantdrive.tn/tunis-city/1249145-home_default/chamoisine.jpg,https://www.geantdrive.tn/tunis-city/serpilleres/23988-chamoisine.html,2026-02-03 08:17:21,produits_menagers
Savon de lavage,0.910,https://cdn.geantdrive.tn/tunis-city/1159371-home_default/savon-de-lavage.jpg,https://www.geantdrive.tn/tunis-city/savons-de-menage/45936-savon-de-lavage.html,2026-02-03 08:17:21,produits_menagers
Tampons à récurer,0.950,https://cdn.geantdrive.tn/tunis-city/974293-home_default/tampons-a-recurer.jpg,https://www.geantdrive.tn/tunis-city/eponges-et-tampons/87027-tampons-a-recurer.html,2026-02-03 08:17:21,produits_menagers
Savon de lavage,0.980,https://cdn.geantdrive.tn/tunis-city/1159373-home_default/savon-de-lavage.jpg,https://www.geantdrive.tn/tunis-city/savons-de-menage/45937-savon-de-lavage.html,2026-02-03 08:17:22,produits_menagers
Savon de ménage,0.990,https://cdn.geantdrive.tn/tunis-city/1331880-home_default/savon-de-menage.jpg,https://www.geantdrive.tn/tunis-city/savons-de-menage/135492-savon-de-menage.html,2026-02-03 08:17:22,produits_menagers
Savon de ménage,0.990,https://cdn.geantdrive.tn/tunis-city/1331881-home_default/savon-de-menage.jpg,https://www.geantdrive.tn/tunis-city/savons-de-menage/135493-savon-de-menage.html,2026-02-03 08:17:22,produits_menagers
Serpillère,1.070,https://cdn.geantdrive.tn/tunis-city/1247412-home_default/serpillere.jpg,https://www.geantdrive.tn/tunis-city/serpilleres/23994-serpillere.html,2026-02-03 08:17:22,produits_menagers
Pelle à poussière,1.190,https://cdn.geantdrive.tn/tunis-city/974295-home_default/pelle-a-poussiere.jpg,https://www.geantdrive.tn/tunis-city/balais/87029-pelle-a-poussiere.html,2026-02-03 08:17:22,produits_menagers
Serpillère,1.250,https://cdn.geantdrive.tn/tunis-city/1245623-home_default/serpillere.jpg,https://www.geantdrive.tn/tunis-city/serpilleres/23991-serpillere.html,2026-02-03 08:17:22,produits_menagers
Eponge,1.290,https://cdn.geantdrive.tn/tunis-city/1075104-home_default/eponge.jpg,https://www.geantdrive.tn/tunis-city/eponges-et-tampons/65879-eponge.html,2026-02-03 08:17:23,produits_menagers
Tampons à récurer,1.290,https://cdn.geantdrive.tn/tunis-city/1247385-home_default/tampons-a-recurer.jpg,https://www.geantdrive.tn/tunis-city/eponges-et-tampons/24052-tampons-a-recurer.html,2026-02-03 08:17:23,produits_menagers
Sérpillère,1.300,https://cdn.geantdrive.tn/tunis-city/974291-home_default/serpillere.jpg,https://www.geantdrive.tn/tunis-city/serpilleres/87025-serpillere.html,2026-02-03 08:17:23,produits_menagers
Sac polypropylène réut...,1.300,https://cdn.geantdrive.tn/tunis-city/1184034-home_default/sac-polypropylene-reutilisable.jpg,https://www.geantdrive.tn/tunis-city/autres-sacs/30821-sac-polypropylene-reutilisable.html,2026-02-03 08:17:24,produits_menagers
Poudre mains,1.350,https://cdn.geantdrive.tn/tunis-city/1158151-home_default/poudre-mains.jpg,https://www.geantdrive.tn/tunis-city/poudres-mains/57167-poudre-mains.html,2026-02-03 08:17:24,produits_menagers
Poudre mains,1.350,https://cdn.geantdrive.tn/tunis-city/1158153-home_default/poudre-mains.jpg,https://www.geantdrive.tn/tunis-city/poudres-mains/57168-poudre-mains.html,2026-02-03 08:17:24,produits_menagers
Tampon éponge à récurer,1.350,https://cdn.geantdrive.tn/tunis-city/974294-home_default/tampon-eponge-a-recurer.jpg,https://www.geantdrive.tn/tunis-city/eponges-et-tampons/87028-tampon-eponge-a-recurer.html,2026-02-03 08:17:24,produits_menagers
Tampons,1.420,https://cdn.geantdrive.tn/tunis-city/1247381-home_default/tampons.jpg,https://www.geantdrive.tn/tunis-city/eponges-et-tampons/24053-tampons.html,2026-02-03 08:17:25,produits_menagers
Savon de lavage,1.450,https://cdn.geantdrive.tn/tunis-city/1159375-home_default/savon-de-menage.jpg,https://www.geantdrive.tn/tunis-city/savons-de-menage/47393-savon-de-menage.html,2026-02-03 08:17:25,produits_menagers
Lavette multi-usages,1.500,https://cdn.geantdrive.tn/tunis-city/1247800-home_default/lavette-multi-usages.jpg,https://www.geantdrive.tn/tunis-city/serpilleres/30734-lavette-multi-usages.html,2026-02-03 08:17:25,produits_menagers
Savon de lavage,1.510,https://cdn.geantdrive.tn/tunis-city/1159377-home_default/savon-de-lavage.jpg,https://www.geantdrive.tn/tunis-city/savons-de-menage/47394-savon-de-lavage.html,2026-02-03 08:17:25,produits_menagers
Poudre mains,1.630,https://cdn.geantdrive.tn/tunis-city/1160958-home_default/poudre-mains.jpg,https://www.geantdrive.tn/tunis-city/poudres-mains/53517-poudre-mains.html,2026-02-03 08:17:26,produits_menagers
Poudre mains,1.630,https://cdn.geantdrive.tn/tunis-city/1160960-home_default/poudre-mains.jpg,https://www.geantdrive.tn/tunis-city/poudres-mains/53518-poudre-mains.html,2026-02-03 08:17:26,produits_menagers
Poudre mains,1.630,https://cdn.geantdrive.tn/tunis-city/1160956-home_default/poudre-mains.jpg,https://www.geantdrive.tn/tunis-city/poudres-mains/53516-poudre-mains.html,2026-02-03 08:17:26,produits_menagers
Tampons éponge à récurer,1.650,https://cdn.geantdrive.tn/tunis-city/1247700-home_default/tampons-eponge-a-recurer.jpg,https://www.geantdrive.tn/tunis-city/eponges-et-tampons/24043-tampons-eponge-a-recurer.html,2026-02-03 08:17:27,produits_menagers
Sacs poubelle,1.650,https://cdn.geantdrive.tn/tunis-city/1193944-home_default/sacs-poubelle.jpg,https://www.geantdrive.tn/tunis-city/sacs-poubelles/26803-sacs-poubelle.html,2026-02-03 08:17:27,produits_menagers
Tampon éponge à récurer,1.690,https://cdn.geantdrive.tn/tunis-city/1247377-home_default/tampon-eponge-a-recurer.jpg,https://www.geantdrive.tn/tunis-city/eponges-et-tampons/23819-tampon-eponge-a-recurer.html,2026-02-03 08:17:27,produits_menagers
Lavettes multi-usages,1.790,https://cdn.geantdrive.tn/tunis-city/974289-home_default/lavettes-multi-usages.jpg,https://www.geantdrive.tn/tunis-city/serpilleres/87023-lavettes-multi-usages.html,2026-02-03 08:17:27,produits_menagers
Tampons à récurer,1.790,https://cdn.geantdrive.tn/tunis-city/1247749-home_default/tampons-a-recurer.jpg,https://www.geantdrive.tn/tunis-city/eponges-et-tampons/24048-tampons-a-recurer.html,2026-02-03 08:17:27,produits_menagers
Distributeur de mouchoirs,1.850,https://cdn.geantdrive.tn/tunis-city/1149707-home_default/distributeur-de-mouchoirs.jpg,https://www.geantdrive.tn/tunis-city/mouchoirs/36228-distributeur-de-mouchoirs.html,2026-02-03 08:17:28,produits_menagers
Bloc WC,1.890,https://cdn.geantdrive.tn/tunis-city/1329491-home_default/bloc-wc.jpg,https://www.geantdrive.tn/tunis-city/cuisines-et-salles-de-bain/134290-bloc-wc.html,2026-02-03 08:17:28,produits_menagers
Serviettes de table,1.900,https://cdn.geantdrive.tn/tunis-city/1196750-home_default/serviettes-de-table.jpg,https://www.geantdrive.tn/tunis-city/essuies-tout-et-serviettes-en-papier/45863-serviettes-de-table.html,2026-02-03 08:17:28,produits_menagers
Serviettes,1.920,https://cdn.geantdrive.tn/tunis-city/1199296-home_default/serviettes.jpg,https://www.geantdrive.tn/tunis-city/essuies-tout-et-serviettes-en-papier/98509-serviettes.html,2026-02-03 08:17:28,produits_menagers
Savons de lavage,1.950,https://cdn.geantdrive.tn/tunis-city/1189600-home_default/savons-de-lavage.jpg,https://www.geantdrive.tn/tunis-city/savons-de-menage/23314-savons-de-lavage.html,2026-02-03 08:17:29,produits_menagers
Sacs poubelle,1.950,https://cdn.geantdrive.tn/tunis-city/1245655-home_default/sacs-poubelle.jpg,https://www.geantdrive.tn/tunis-city/sacs-poubelles/29282-sacs-poubelle.html,2026-02-03 08:17:29,produits_menagers
Sacs poubelle,1.950,https://cdn.geantdrive.tn/tunis-city/1193039-home_default/sacs-poubelle.jpg,https://www.geantdrive.tn/tunis-city/sacs-poubelles/37366-sacs-poubelle.html,2026-02-03 08:17:29,produits_menagers
Distributeur de mouchoirs,1.990,https://cdn.geantdrive.tn/tunis-city/1227651-home_default/distributeur-de-mouchoirs.jpg,https://www.geantdrive.tn/tunis-city/mouchoirs/23715-distributeur-de-mouchoirs.html,2026-02-03 08:17:29,produits_menagers
Distributeur de mouchoirs,1.990,https://cdn.geantdrive.tn/tunis-city/1231616-home_default/distributeur-de-mouchoirs.jpg,https://www.geantdrive.tn/tunis-city/mouchoirs/27614-distributeur-de-mouchoirs.html,2026-02-03 08:17:29,produits_menagers
Distributeur de mouchoirs,1.990,https://cdn.geantdrive.tn/tunis-city/1227372-home_default/distributeur-de-mouchoirs.jpg,https://www.geantdrive.tn/tunis-city/mouchoirs/23711-distributeur-de-mouchoirs.html,2026-02-03 08:17:29,produits_menagers
Serviettes de table,2.030,https://cdn.geantdrive.tn/tunis-city/1196752-home_default/serviettes-de-table.jpg,https://www.geantdrive.tn/tunis-city/essuies-tout-et-serviettes-en-papier/95094-serviettes-de-table.html,2026-02-03 08:17:29,produits_menagers
Tampons à récurer,2.090,https://cdn.geantdrive.tn/tunis-city/1202311-home_default/tampons-a-recurer.jpg,https://www.geantdrive.tn/tunis-city/eponges-et-tampons/24049-tampons-a-recurer.html,2026-02-03 08:17:29,produits_menagers
Tampons à récurer,2.090,https://cdn.geantdrive.tn/tunis-city/1202315-home_default/tampons-a-recurer.jpg,https://www.geantdrive.tn/tunis-city/eponges-et-tampons/24050-tampons-a-recurer.html,2026-02-03 08:17:29,produits_menagers
Tampon éponge à récure...,2.150,https://cdn.geantdrive.tn/tunis-city/1143980-home_default/tampon-eponge-a-recurer-anti-graffiti.jpg,https://www.geantdrive.tn/tunis-city/eponges-et-tampons/56684-tampon-eponge-a-recurer-anti-graffiti.html,2026-02-03 08:17:30,produits_menagers
Tampons à récurer,2.190,https://cdn.geantdrive.tn/tunis-city/1249283-home_default/tampons-a-recurer.jpg,https://www.geantdrive.tn/tunis-city/eponges-et-tampons/24047-tampons-a-recurer.html,2026-02-03 08:17:30,produits_menagers
Tampon éponge à récurer,2.190,https://cdn.geantdrive.tn/tunis-city/1305935-home_default/tampon-eponge-a-recurer.jpg,https://www.geantdrive.tn/tunis-city/eponges-et-tampons/121466-tampon-eponge-a-recurer.html,2026-02-03 08:17:30,produits_menagers
Sacs poubelle,2.190,https://cdn.geantdrive.tn/tunis-city/1191284-home_default/sacs-poubelle.jpg,https://www.geantdrive.tn/tunis-city/sacs-poubelles/76554-sacs-poubelle.html,2026-02-03 08:17:30,produits_menagers
Entonnoir,0.790,https://cdn.geantdrive.tn/tunis-city/1152700-home_default/entonnoir.jpg,https://www.geantdrive.tn/tunis-city/accessoires-de-cuisine-et-de-patisserie/41335-entonnoir.html,2026-02-03 08:17:55,maison
Sacs pour vêtements,0.800,https://cdn.geantdrive.tn/tunis-city/1178927-home_default/sacs-pour-vetements.jpg,https://www.geantdrive.tn/tunis-city/paniers-et-corbeilles/65942-sacs-pour-vetements.html,2026-02-03 08:17:55,maison
Entonnoir,0.990,https://cdn.geantdrive.tn/tunis-city/1152703-home_default/entonnoir.jpg,https://www.geantdrive.tn/tunis-city/accessoires-de-cuisine-et-de-patisserie/41336-entonnoir.html,2026-02-03 08:17:55,maison
Gobelet incassable,1.020,https://cdn.geantdrive.tn/tunis-city/1150669-home_default/gobelet-incassable.jpg,https://www.geantdrive.tn/tunis-city/assiettes-couverts-et-gobelets/41305-gobelet-incassable.html,2026-02-03 08:17:55,maison
Plat oval,1.190,https://cdn.geantdrive.tn/tunis-city/896280-home_default/plat-oval.jpg,https://www.geantdrive.tn/tunis-city/assiettes-couverts-et-gobelets/77427-plat-oval.html,2026-02-03 08:17:55,maison
Gobelet granity,1.220,https://cdn.geantdrive.tn/tunis-city/1161261-home_default/gobelet-granity.jpg,https://www.geantdrive.tn/tunis-city/assiettes-couverts-et-gobelets/79994-gobelet-granity.html,2026-02-03 08:17:56,maison
Entonnoir,1.450,https://cdn.geantdrive.tn/tunis-city/1152705-home_default/entonnoir.jpg,https://www.geantdrive.tn/tunis-city/accessoires-de-cuisine-et-de-patisserie/41337-entonnoir.html,2026-02-03 08:17:56,maison
Mini plat,1.490,https://cdn.geantdrive.tn/tunis-city/1269296-home_default/mini-plat.jpg,https://www.geantdrive.tn/tunis-city/assiettes-couverts-et-gobelets/104481-mini-plat.html,2026-02-03 08:17:56,maison
Congemix,1.490,https://cdn.geantdrive.tn/tunis-city/1282698-home_default/congemix.jpg,https://www.geantdrive.tn/tunis-city/boites-de-conservation/110987-congemix.html,2026-02-03 08:17:56,maison
Couteaux,1.500,https://cdn.geantdrive.tn/tunis-city/1210689-home_default/couteaux.jpg,https://www.geantdrive.tn/tunis-city/assiettes-couverts-et-gobelets/98658-couteaux.html,2026-02-03 08:17:56,maison
Salière poivrier,1.500,https://cdn.geantdrive.tn/tunis-city/1179255-home_default/saliere-poivrier.jpg,https://www.geantdrive.tn/tunis-city/accessoires-de-cuisine-et-de-patisserie/45929-saliere-poivrier.html,2026-02-03 08:17:56,maison
Pinces à linge,1.600,https://cdn.geantdrive.tn/tunis-city/1349862-home_default/pinces-a-linge.jpg,https://www.geantdrive.tn/tunis-city/accessoires/145655-pinces-a-linge.html,2026-02-03 08:17:57,maison
Pince a linge,1.600,https://cdn.geantdrive.tn/tunis-city/1282594-home_default/pince-a-linge.jpg,https://www.geantdrive.tn/tunis-city/accessoires/110887-pince-a-linge.html,2026-02-03 08:17:57,maison
Pinces à linge,1.600,https://cdn.geantdrive.tn/tunis-city/883830-home_default/pinces-a-linge.jpg,https://www.geantdrive.tn/tunis-city/accessoires/73687-pinces-a-linge.html,2026-02-03 08:17:57,maison
Boîte de conservation,1.690,https://cdn.geantdrive.tn/tunis-city/853634-home_default/boite-de-conservation.jpg,https://www.geantdrive.tn/tunis-city/boites-de-conservation/73721-boite-de-conservation.html,2026-02-03 08:17:57,maison
Pot de conservation,1.750,https://cdn.geantdrive.tn/tunis-city/1308448-home_default/pot-de-conservation.jpg,https://www.geantdrive.tn/tunis-city/saladiers-bols-et-coupes/122724-pot-de-conservation.html,2026-02-03 08:17:57,maison
Gourde enfant,1.790,https://cdn.geantdrive.tn/tunis-city/876759-home_default/gourde-enfant.jpg,https://www.geantdrive.tn/tunis-city/verrestasses-et-mugs/75816-gourde-enfant.html,2026-02-03 08:17:57,maison
Accroche-tout,1.790,https://cdn.geantdrive.tn/tunis-city/1269231-home_default/accroche-tout.jpg,https://www.geantdrive.tn/tunis-city/accessoires/104416-accroche-tout.html,2026-02-03 08:17:57,maison
Sacs pour vêtements,1.800,https://cdn.geantdrive.tn/tunis-city/1178930-home_default/sacs-pour-vetements.jpg,https://www.geantdrive.tn/tunis-city/paniers-et-corbeilles/65943-sacs-pour-vetements.html,2026-02-03 08:17:58,maison
Pinces à linge,1.800,https://cdn.geantdrive.tn/tunis-city/1349863-home_default/pinces-a-linge.jpg,https://www.geantdrive.tn/tunis-city/accessoires/145656-pinces-a-linge.html,2026-02-03 08:17:58,maison
Boîte à repas carry lu...,1.890,https://cdn.geantdrive.tn/tunis-city/1270999-home_default/boite-a-repas-carry-lunch-box.jpg,https://www.geantdrive.tn/tunis-city/boites-de-conservation/105356-boite-a-repas-carry-lunch-box.html,2026-02-03 08:17:58,maison
Boîte pour réfrigérateur,1.890,https://cdn.geantdrive.tn/tunis-city/1152695-home_default/boite-pour-refrigerateur.jpg,https://www.geantdrive.tn/tunis-city/boites-de-conservation/41332-boite-pour-refrigerateur.html,2026-02-03 08:17:58,maison
Mug,1.890,https://cdn.geantdrive.tn/tunis-city/1349878-home_default/mug.jpg,https://www.geantdrive.tn/tunis-city/verrestasses-et-mugs/145668-mug.html,2026-02-03 08:17:58,maison
Pailles normales,1.940,https://cdn.geantdrive.tn/tunis-city/1309111-home_default/pailles-normales.jpg,https://www.geantdrive.tn/tunis-city/assiettes-couverts-et-gobelets/123053-pailles-normales.html,2026-02-03 08:17:58,maison
Fourchettes,1.950,https://cdn.geantdrive.tn/tunis-city/1269297-home_default/fourchettes.jpg,https://www.geantdrive.tn/tunis-city/assiettes-couverts-et-gobelets/104482-fourchettes.html,2026-02-03 08:17:58,maison
Cuillères,1.950,https://cdn.geantdrive.tn/tunis-city/1269299-home_default/cuilleres.jpg,https://www.geantdrive.tn/tunis-city/assiettes-couverts-et-gobelets/104484-cuilleres.html,2026-02-03 08:17:59,maison
Couteaux,1.950,https://cdn.geantdrive.tn/tunis-city/1269298-home_default/couteaux.jpg,https://www.geantdrive.tn/tunis-city/assiettes-couverts-et-gobelets/104483-couteaux.html,2026-02-03 08:17:59,maison
Broc verseur,1.990,https://cdn.geantdrive.tn/tunis-city/1150885-home_default/broc-verseur.jpg,https://www.geantdrive.tn/tunis-city/assiettes-couverts-et-gobelets/41314-broc-verseur.html,2026-02-03 08:17:59,maison
Boîte de conservation,1.990,https://cdn.geantdrive.tn/tunis-city/1151677-home_default/boite-de-conservation.jpg,https://www.geantdrive.tn/tunis-city/boites-de-conservation/50940-boite-de-conservation.html,2026-02-03 08:17:59,maison
Panier dentelle,1.990,https://cdn.geantdrive.tn/tunis-city/1258133-home_default/panier-dentelle.jpg,https://www.geantdrive.tn/tunis-city/paniers-et-corbeilles/41559-panier-dentelle.html,2026-02-03 08:17:59,maison
Congemix,2.090,https://cdn.geantdrive.tn/tunis-city/1282700-home_default/congemix.jpg,https://www.geantdrive.tn/tunis-city/boites-de-conservation/110989-congemix.html,2026-02-03 08:17:59,maison
Porte papier serviette,2.100,https://cdn.geantdrive.tn/tunis-city/1212592-home_default/porte-papier-serviette.jpg,https://www.geantdrive.tn/tunis-city/deco-et-cadeaux/54635-porte-papier-serviette.html,2026-02-03 08:17:59,maison
Cloche,2.150,https://cdn.geantdrive.tn/tunis-city/978404-home_default/cloche.jpg,https://www.geantdrive.tn/tunis-city/accessoires-de-cuisine-et-de-patisserie/87794-cloche.html,2026-02-03 08:17:59,maison
Boîte de conservation ...,2.190,https://cdn.geantdrive.tn/tunis-city/1076292-home_default/boite-de-conservation-rectangulaire.jpg,https://www.geantdrive.tn/tunis-city/boites-de-conservation/96579-boite-de-conservation-rectangulaire.html,2026-02-03 08:18:00,maison
Sous verre,2.190,https://cdn.geantdrive.tn/tunis-city/1321992-home_default/sous-verre.jpg,https://www.geantdrive.tn/tunis-city/deco-et-cadeaux/130850-sous-verre.html,2026-02-03 08:18:00,maison
Bol à crème,2.190,https://cdn.geantdrive.tn/tunis-city/1200592-home_default/bol-a-creme.jpg,https://www.geantdrive.tn/tunis-city/saladiers-bols-et-coupes/76278-bol-a-creme.html,2026-02-03 08:18:00,maison
Corbeille pour bureau,2.190,https://cdn.geantdrive.tn/tunis-city/1271000-home_default/corbeille-pour-bureau.jpg,https://www.geantdrive.tn/tunis-city/bassines-egouttoirs-et-accessoires/105357-corbeille-pour-bureau.html,2026-02-03 08:18:00,maison
Porte bougie,2.200,https://cdn.geantdrive.tn/tunis-city/1149426-home_default/porte-bougie.jpg,https://www.geantdrive.tn/tunis-city/deco-et-cadeaux/54786-porte-bougie.html,2026-02-03 08:18:00,maison
Saladier,2.290,https://cdn.geantdrive.tn/tunis-city/1268982-home_default/saladier.jpg,https://www.geantdrive.tn/tunis-city/assiettes-couverts-et-gobelets/39211-saladier.html,2026-02-03 08:18:00,maison
Moule à glaçons,2.290,https://cdn.geantdrive.tn/tunis-city/1342785-home_default/moule-a-glacons.jpg,https://www.geantdrive.tn/tunis-city/accessoires-de-cuisine-et-de-patisserie/141912-moule-a-glacons.html,2026-02-03 08:18:00,maison
Assiettes,2.300,https://cdn.geantdrive.tn/tunis-city/1152964-home_default/assiettes.jpg,https://www.geantdrive.tn/tunis-city/assiettes-couverts-et-gobelets/50238-assiettes.html,2026-02-03 08:18:01,maison
Assiettes,2.300,https://cdn.geantdrive.tn/tunis-city/1152969-home_default/assiettes.jpg,https://www.geantdrive.tn/tunis-city/assiettes-couverts-et-gobelets/48199-assiettes.html,2026-02-03 08:18:01,maison
Assiettes,2.300,https://cdn.geantdrive.tn/tunis-city/1151563-home_default/assiettes.jpg,https://www.geantdrive.tn/tunis-city/assiettes-couverts-et-gobelets/48192-assiettes.html,2026-02-03 08:18:01,maison
Assiettes,2.300,https://cdn.geantdrive.tn/tunis-city/1151565-home_default/assiettes.jpg,https://www.geantdrive.tn/tunis-city/assiettes-couverts-et-gobelets/48193-assiettes.html,2026-02-03 08:18:01,maison
Bol classique,2.350,https://cdn.geantdrive.tn/tunis-city/1269443-home_default/bol-classique.jpg,https://www.geantdrive.tn/tunis-city/saladiers-bols-et-coupes/104628-bol-classique.html,2026-02-03 08:18:01,maison
Bol classique,2.350,https://cdn.geantdrive.tn/tunis-city/1279577-home_default/bol-classique.jpg,https://www.geantdrive.tn/tunis-city/saladiers-bols-et-coupes/109470-bol-classique.html,2026-02-03 08:18:01,maison
Bol classique,2.350,https://cdn.geantdrive.tn/tunis-city/1297686-home_default/bol-classique.jpg,https://www.geantdrive.tn/tunis-city/saladiers-bols-et-coupes/117125-bol-classique.html,2026-02-03 08:18:01,maison
Bol classique,2.350,https://cdn.geantdrive.tn/tunis-city/1297688-home_default/bol-classique.jpg,https://www.geantdrive.tn/tunis-city/saladiers-bols-et-coupes/117127-bol-classique.html,2026-02-03 08:18:01,maison
